Artist Name,Popularity,Followers,Artist ID,Artist URL,Time Range,Genre(s)
Kendrick Lamar,95,42141093,2YZyLoL8N0Wb9xBt1NhZWg,https://open.spotify.com/artist/2YZyLoL8N0Wb9xBt1NhZWg,long_term,"hip hop, west coast hip hop"
"Tyler, The Creator",90,22551303,4V8LLVI7PbaPR0K2TGSxFF,https://open.spotify.com/artist/4V8LLVI7PbaPR0K2TGSxFF,long_term,
Car Seat Headrest,64,870178,5PbpKlxQE0Ktl5lcNABoFf,https://open.spotify.com/artist/5PbpKlxQE0Ktl5lcNABoFf,long_term,"indie rock, midwest emo"
JPEGMAFIA,69,996434,6yJ6QQ3Y5l0s0tn7b0arrO,https://open.spotify.com/artist/6yJ6QQ3Y5l0s0tn7b0arrO,long_term,"alternative hip hop, experimental, experimental hip hop"
Joji,80,10267198,3MZsBdqDrRTJihTHQrO6Dq,https://open.spotify.com/artist/3MZsBdqDrRTJihTHQrO6Dq,long_term,
The Strokes,78,6310608,0epOFNiUfyON9EYx7Tpr6V,https://open.spotify.com/artist/0epOFNiUfyON9EYx7Tpr6V,long_term,"alternative rock, garage rock, indie rock"
Childish Gambino,81,14228094,73sIBHcqh3Z3NyqHKZ7FOL,https://open.spotify.com/artist/73sIBHcqh3Z3NyqHKZ7FOL,long_term,
Nirvana,84,22432353,6olE6TJLqED3rqDCT0FyPh,https://open.spotify.com/artist/6olE6TJLqED3rqDCT0FyPh,long_term,"grunge, rock"
half•alive,61,732225,7sOR7gk6XUlGnxj3p9F54k,https://open.spotify.com/artist/7sOR7gk6XUlGnxj3p9F54k,long_term,
Kanye West,93,30260015,5K4W6rqBFWDnAN6FQUkS6x,https://open.spotify.com/artist/5K4W6rqBFWDnAN6FQUkS6x,long_term,rap
Twenty One Pilots,86,25482655,3YQKmKGau1PzlVlkL1iodx,https://open.spotify.com/artist/3YQKmKGau1PzlVlkL1iodx,long_term,
Frank Ocean,88,19173221,2h93pZq0e7k5yf4dywlkpM,https://open.spotify.com/artist/2h93pZq0e7k5yf4dywlkpM,long_term,
Baby Keem,77,2988599,5SXuuuRpukkTvsLuUknva1,https://open.spotify.com/artist/5SXuuuRpukkTvsLuUknva1,long_term,
Metro Boomin,88,11125638,0iEtIxbK0KxaSlF7G42ZOp,https://open.spotify.com/artist/0iEtIxbK0KxaSlF7G42ZOp,long_term,
Travis Scott,93,39262517,0Y5tJX1MQlPlqiwlOH1tJY,https://open.spotify.com/artist/0Y5tJX1MQlPlqiwlOH1tJY,long_term,rap
Future,92,21719028,1RyvyyTE3xzB2ZywiAwp0i,https://open.spotify.com/artist/1RyvyyTE3xzB2ZywiAwp0i,long_term,rap
Playboi Carti,91,14396844,699OTQXzgjhIYAHMy9RyPD,https://open.spotify.com/artist/699OTQXzgjhIYAHMy9RyPD,long_term,rage rap
Arctic Monkeys,88,30643993,7Ln80lUS6He07XvHI8qqHH,https://open.spotify.com/artist/7Ln80lUS6He07XvHI8qqHH,long_term,"garage rock, indie"
The Weeknd,97,106813510,1Xyo4u8uXC1ZmMpatF05PJ,https://open.spotify.com/artist/1Xyo4u8uXC1ZmMpatF05PJ,long_term,
JID,76,2086422,6U3ybJ9UHNKEdsH7ktGBZ7,https://open.spotify.com/artist/6U3ybJ9UHNKEdsH7ktGBZ7,long_term,
Denzel Curry,73,2809705,6fxyWrfmjcbj5d12gXeiNV,https://open.spotify.com/artist/6fxyWrfmjcbj5d12gXeiNV,long_term,
Cage The Elephant,76,4175193,26T3LtbuGT1Fu9m0eRq5X3,https://open.spotify.com/artist/26T3LtbuGT1Fu9m0eRq5X3,long_term,
Seedhe Maut,71,996837,2oBG74gAocPMFv6Ij9ykdo,https://open.spotify.com/artist/2oBG74gAocPMFv6Ij9ykdo,long_term,"desi, desi hip hop, hardcore hip hop, hindi hip hop"
Mac Miller,84,11879243,4LLpKhyESsyAXpc4laK94U,https://open.spotify.com/artist/4LLpKhyESsyAXpc4laK94U,long_term,
Slipknot,81,13396898,05fG473iIaoy82BF1aGhL8,https://open.spotify.com/artist/05fG473iIaoy82BF1aGhL8,long_term,"alternative metal, heavy metal, metal, nu metal, rap metal"
Quadeca,56,310536,3zz52ViyCBcplK0ftEVPSS,https://open.spotify.com/artist/3zz52ViyCBcplK0ftEVPSS,long_term,
21 Savage,88,22862216,1URnnhqYAYcrqrcwql10ft,https://open.spotify.com/artist/1URnnhqYAYcrqrcwql10ft,long_term,
XXXTENTACION,87,50523924,15UsOTVnJzReFVN1VCnxy4,https://open.spotify.com/artist/15UsOTVnJzReFVN1VCnxy4,long_term,emo rap
Jack Stauber's Micropop,67,2217454,1yNIb413Bmfs2ZBVuPp9kC,https://open.spotify.com/artist/1yNIb413Bmfs2ZBVuPp9kC,long_term,
Joey Valence & Brae,68,641843,1q4618qKswelCGLoanFKQh,https://open.spotify.com/artist/1q4618qKswelCGLoanFKQh,long_term,
A$AP Rocky,86,16768671,13ubrt8QOOCPljQ2FL1Kca,https://open.spotify.com/artist/13ubrt8QOOCPljQ2FL1Kca,long_term,rap
Drake,98,99472069,3TVXtAsR1Inumwj472S9r4,https://open.spotify.com/artist/3TVXtAsR1Inumwj472S9r4,long_term,rap
System Of A Down,84,13137562,5eAWCfyUhZtHHtBdNk56l1,https://open.spotify.com/artist/5eAWCfyUhZtHHtBdNk56l1,long_term,"alternative metal, metal, nu metal, rap metal, rock"
SZA,93,30693249,7tYKF4w9nC0nq9CsPZTHyP,https://open.spotify.com/artist/7tYKF4w9nC0nq9CsPZTHyP,long_term,r&b
MF DOOM,76,3857841,2pAWfrd7WFF3XhVt9GooDL,https://open.spotify.com/artist/2pAWfrd7WFF3XhVt9GooDL,long_term,"alternative hip hop, east coast hip hop, experimental hip hop, jazz rap"
The Neighbourhood,85,20647881,77SW9BnxLY8rJ0RciFqkHh,https://open.spotify.com/artist/77SW9BnxLY8rJ0RciFqkHh,long_term,
Wallows,73,2964376,0NIPkIjTV8mB795yEIiPYL,https://open.spotify.com/artist/0NIPkIjTV8mB795yEIiPYL,long_term,indie
Madvillain,64,772788,2aoFQUeHD1U7pL098lRsDU,https://open.spotify.com/artist/2aoFQUeHD1U7pL098lRsDU,long_term,"alternative hip hop, experimental hip hop"
Foster The People,74,4001021,7gP3bB2nilZXLfPHJhMdvc,https://open.spotify.com/artist/7gP3bB2nilZXLfPHJhMdvc,long_term,
Pusha T,73,3005773,0ONHkAv9pCAFxb0zJwDNTy,https://open.spotify.com/artist/0ONHkAv9pCAFxb0zJwDNTy,long_term,
TV Girl,83,11207049,0Y6dVaC9DZtPNH4591M42W,https://open.spotify.com/artist/0Y6dVaC9DZtPNH4591M42W,long_term,
Eminem,92,101578469,7dGJo4pcD2V6oG8kP0tJRR,https://open.spotify.com/artist/7dGJo4pcD2V6oG8kP0tJRR,long_term,"hip hop, rap"
The Beatles,86,30089674,3WrFJ7ztbogyGnTHbHJFl2,https://open.spotify.com/artist/3WrFJ7ztbogyGnTHbHJFl2,long_term,"classic rock, psychedelic rock"
Dreamville,66,788415,1iNqsUDUraNWrj00bqssQG,https://open.spotify.com/artist/1iNqsUDUraNWrj00bqssQG,long_term,
J. Cole,86,26482683,6l3HvQ5sa6mXTsMTB19rO5,https://open.spotify.com/artist/6l3HvQ5sa6mXTsMTB19rO5,long_term,rap
Kishore Kumar,78,16514030,0GF4shudTAFv8ak9eWdd4Y,https://open.spotify.com/artist/0GF4shudTAFv8ak9eWdd4Y,long_term,"bangla pop, bollywood, ghazal, hindi pop"
Clairo,82,6176803,3l0CmX0FuQjFxr8SK7Vqag,https://open.spotify.com/artist/3l0CmX0FuQjFxr8SK7Vqag,long_term,bedroom pop
Tame Impala,82,8938798,5INjqkS1o8h1imAzPqGZBb,https://open.spotify.com/artist/5INjqkS1o8h1imAzPqGZBb,long_term,"indie, neo-psychedelic"
MGMT,77,3481847,0SwO7SWeDHJijQ3XNS7xEE,https://open.spotify.com/artist/0SwO7SWeDHJijQ3XNS7xEE,long_term,indie
Mitski,82,10547708,2uYWxilOVlUdk4oV9DvwqK,https://open.spotify.com/artist/2uYWxilOVlUdk4oV9DvwqK,long_term,
Still Woozy,66,1078490,4iMO20EPodreIaEl8qW66y,https://open.spotify.com/artist/4iMO20EPodreIaEl8qW66y,long_term,bedroom pop
Deftones,83,7047309,6Ghvu1VvMGScGpOUJBAHNH,https://open.spotify.com/artist/6Ghvu1VvMGScGpOUJBAHNH,long_term,"alternative metal, nu metal, rap metal, shoegaze"
Nujabes,68,1408562,3Rq3YOF9YG9YfCWD4D56RZ,https://open.spotify.com/artist/3Rq3YOF9YG9YfCWD4D56RZ,long_term,jazz rap
Death Grips,59,949950,5RADpgYLOuS2ZxDq7ggYYH,https://open.spotify.com/artist/5RADpgYLOuS2ZxDq7ggYYH,long_term,"experimental, experimental hip hop"
Black Sabbath,76,8942069,5M52tdBnJaKSvOpJGz8mfZ,https://open.spotify.com/artist/5M52tdBnJaKSvOpJGz8mfZ,long_term,"classic rock, doom metal, hard rock, heavy metal, metal, rock, stoner rock"
Steve Lacy,81,6054478,57vWImR43h4CaDao012Ofp,https://open.spotify.com/artist/57vWImR43h4CaDao012Ofp,long_term,
Michael Jackson,86,35992683,3fMbdgg4jU18AjLCKBhRSm,https://open.spotify.com/artist/3fMbdgg4jU18AjLCKBhRSm,long_term,
Nas,74,4185935,20qISvAhX20dpIbOOzGK3q,https://open.spotify.com/artist/20qISvAhX20dpIbOOzGK3q,long_term,"east coast hip hop, hip hop, old school hip hop"
Liana Flores,67,622383,5zVu34ozw0BzXIcNHqkO0u,https://open.spotify.com/artist/5zVu34ozw0BzXIcNHqkO0u,long_term,
Crywank,48,228364,7gzXeFUDWz0aqhikdkOJxQ,https://open.spotify.com/artist/7gzXeFUDWz0aqhikdkOJxQ,long_term,"anti-folk, folk punk, midwest emo"
Mild High Club,59,600431,5J81VungUjSVHxlPpTI9KG,https://open.spotify.com/artist/5J81VungUjSVHxlPpTI9KG,long_term,neo-psychedelic
Jack Harlow,80,4229768,2LIk90788K0zvyj2JJVwkJ,https://open.spotify.com/artist/2LIk90788K0zvyj2JJVwkJ,long_term,
Lil Tecca,86,9660236,4Ga1P7PMIsmqEZqhYZQgDo,https://open.spotify.com/artist/4Ga1P7PMIsmqEZqhYZQgDo,long_term,"melodic rap, rap"
Vince Staples,69,2009249,68kEuyFKyqrdQQLLsmiatm,https://open.spotify.com/artist/68kEuyFKyqrdQQLLsmiatm,long_term,
Dominic Fike,79,2128141,6USv9qhCn6zfxlBQIYJ9qs,https://open.spotify.com/artist/6USv9qhCn6zfxlBQIYJ9qs,long_term,
Queen,86,54174842,1dfeR4HaWDbWqFHLkxsg1d,https://open.spotify.com/artist/1dfeR4HaWDbWqFHLkxsg1d,long_term,"classic rock, glam rock, rock"
Mac DeMarco,82,7557604,3Sz7ZnJQBIHsXLUSo0OQtM,https://open.spotify.com/artist/3Sz7ZnJQBIHsXLUSo0OQtM,long_term,"indie, lo-fi indie"
Pritam,90,52521175,1wRPtKGflJrBx9BmLsSwlU,https://open.spotify.com/artist/1wRPtKGflJrBx9BmLsSwlU,long_term,"bollywood, desi, hindi pop, sufi"
Pierce The Veil,78,3585991,4iJLPqClelZOBCBifm8Fzv,https://open.spotify.com/artist/4iJLPqClelZOBCBifm8Fzv,long_term,"emo, post-hardcore, screamo"
Korn,79,9141116,3RNrq3jvMZxD9ZyoOZbQOD,https://open.spotify.com/artist/3RNrq3jvMZxD9ZyoOZbQOD,long_term,"alternative metal, metal, nu metal, rap metal"
Radiohead,87,12491823,4Z8W4fKeB5YxbusRsdQVPb,https://open.spotify.com/artist/4Z8W4fKeB5YxbusRsdQVPb,long_term,"alternative rock, art rock"
Lil Uzi Vert,85,18910807,4O15NlyKLIASxsJ0PrXPfz,https://open.spotify.com/artist/4O15NlyKLIASxsJ0PrXPfz,long_term,melodic rap
Linkin Park,91,30396424,6XyY86QOPPrYVGvF9ch6wz,https://open.spotify.com/artist/6XyY86QOPPrYVGvF9ch6wz,long_term,"alternative metal, nu metal, rap metal, rock"
Don Toliver,87,6850929,4Gso3d4CscCijv0lmajZWs,https://open.spotify.com/artist/4Gso3d4CscCijv0lmajZWs,long_term,
JAY-Z,85,10093805,3nFkdlSjzX9mRTtwJOzDYB,https://open.spotify.com/artist/3nFkdlSjzX9mRTtwJOzDYB,long_term,"east coast hip hop, hip hop, rap"
Jordana,64,208132,5Bw9kFNhy019e4IBCJZlzw,https://open.spotify.com/artist/5Bw9kFNhy019e4IBCJZlzw,long_term,
Cavetown,70,4402799,2hR4h1Cao2ueuI7Cx9c7V8,https://open.spotify.com/artist/2hR4h1Cao2ueuI7Cx9c7V8,long_term,bedroom pop
Danny Gonzalez,42,248022,6pDkmNhHCLh7YEb3sXceOs,https://open.spotify.com/artist/6pDkmNhHCLh7YEb3sXceOs,long_term,
Eyedress,74,2606633,3XxNRirzbjfLdDli06zMaB,https://open.spotify.com/artist/3XxNRirzbjfLdDli06zMaB,long_term,
The Smiths,80,7326494,3yY2gUcIsjMr8hjo51PoJ8,https://open.spotify.com/artist/3yY2gUcIsjMr8hjo51PoJ8,long_term,"jangle pop, madchester, new wave"
Skepta,76,1524917,2p1fiYHYiXz9qi0JJyxBzN,https://open.spotify.com/artist/2p1fiYHYiXz9qi0JJyxBzN,long_term,"grime, uk grime"
Gorillaz,83,13492228,3AA28KZvwAUcZuOKwyblJQ,https://open.spotify.com/artist/3AA28KZvwAUcZuOKwyblJQ,long_term,
KIDS SEE GHOSTS,59,1002528,2hPgGN4uhvXAxiXQBIXOmE,https://open.spotify.com/artist/2hPgGN4uhvXAxiXQBIXOmE,long_term,
Yot Club,66,651097,6FugQjLquBF4JzATRN70bR,https://open.spotify.com/artist/6FugQjLquBF4JzATRN70bR,long_term,bedroom pop
Chaar Diwaari,53,108898,2n4q8jLM4WLwlva1sZ2WRx,https://open.spotify.com/artist/2n4q8jLM4WLwlva1sZ2WRx,long_term,"desi hip hop, hindi hip hop, hindi indie, indian indie"
Megadeth,71,5941608,1Yox196W7bzVNZI7RBaPnf,https://open.spotify.com/artist/1Yox196W7bzVNZI7RBaPnf,long_term,"heavy metal, metal, speed metal, thrash metal"
AJR,73,3596001,6s22t5Y3prQHyaHWUN1R1C,https://open.spotify.com/artist/6s22t5Y3prQHyaHWUN1R1C,long_term,
NF,79,10918179,6fOMl44jA4Sp5b9PpYCkzz,https://open.spotify.com/artist/6fOMl44jA4Sp5b9PpYCkzz,long_term,christian hip hop
Her's,66,1122181,77mJc3M7ZT5oOVM7gNdXim,https://open.spotify.com/artist/77mJc3M7ZT5oOVM7gNdXim,long_term,indie
Lupe Fiasco,70,1956239,01QTIT5P1pFP3QnnFSdsJf,https://open.spotify.com/artist/01QTIT5P1pFP3QnnFSdsJf,long_term,
The Notorious B.I.G.,80,12246228,5me0Irg2ANcsgc93uaYrpb,https://open.spotify.com/artist/5me0Irg2ANcsgc93uaYrpb,long_term,"east coast hip hop, gangster rap, hip hop, old school hip hop"
Aminé,71,2006273,3Gm5F95VdRxW3mqCn8RPBJ,https://open.spotify.com/artist/3Gm5F95VdRxW3mqCn8RPBJ,long_term,
Psychedelic Porn Crumpets,54,339994,7GRrLcUxwtQLvOpO7OHO80,https://open.spotify.com/artist/7GRrLcUxwtQLvOpO7OHO80,long_term,"acid rock, neo-psychedelic, psychedelic rock, stoner rock"
Lil Nas X,75,12344055,7jVv8c5Fj3E9VhNjxT4snq,https://open.spotify.com/artist/7jVv8c5Fj3E9VhNjxT4snq,long_term,
Teethe,41,30994,3K2gErmF9xLdo6dqOj1VbI,https://open.spotify.com/artist/3K2gErmF9xLdo6dqOj1VbI,long_term,"shoegaze, slowcore"
Metallica,85,31007486,2ye2Wgw4gimLv2eAKyk1NB,https://open.spotify.com/artist/2ye2Wgw4gimLv2eAKyk1NB,long_term,"hard rock, heavy metal, metal, rock, thrash metal"
Sex Bob-Omb,49,205814,0epidpyARaIPmKpFUwcgnJ,https://open.spotify.com/artist/0epidpyARaIPmKpFUwcgnJ,long_term,
Asha Bhosle,73,9535550,5as8A4G47Ohu9NSWs3Je8U,https://open.spotify.com/artist/5as8A4G47Ohu9NSWs3Je8U,long_term,"bangla pop, bollywood, ghazal, hindi pop, marathi pop"
Hemant Kumar,59,2332749,02Um2HIOrUdsy3wqPBZwsj,https://open.spotify.com/artist/02Um2HIOrUdsy3wqPBZwsj,long_term,"bangla pop, ghazal, marathi pop"
AC/DC,84,31433766,711MCceyCBcFnzjGY4Q7Un,https://open.spotify.com/artist/711MCceyCBcFnzjGY4Q7Un,long_term,"classic rock, hard rock, rock, rock and roll"
Chase Atlantic,83,9864950,7cYEt1pqMgXJdq00hAwVpT,https://open.spotify.com/artist/7cYEt1pqMgXJdq00hAwVpT,long_term,
Joey Bada$$,73,3763364,2P5sC9cVZDToPxyomzF1UH,https://open.spotify.com/artist/2P5sC9cVZDToPxyomzF1UH,long_term,"hip hop, rap"
Doechii,84,3000659,4E2rKHVDssGJm2SCDOMMJB,https://open.spotify.com/artist/4E2rKHVDssGJm2SCDOMMJB,long_term,
Mukesh,68,3625382,4etv0ut4ws0GbXBtolzf5e,https://open.spotify.com/artist/4etv0ut4ws0GbXBtolzf5e,long_term,"ghazal, tamil dance"
Mohammed Rafi,72,9623019,0gXDpqwYNDODn7fB0RDN8J,https://open.spotify.com/artist/0gXDpqwYNDODn7fB0RDN8J,long_term,"ghazal, hindi pop"
Cigarettes After Sex,86,16144814,1QAJqy2dA3ihHBFIHRphZj,https://open.spotify.com/artist/1QAJqy2dA3ihHBFIHRphZj,long_term,dream pop
Saint Motel,66,755515,1dWEYMPtNmvSVaDNLgB6NV,https://open.spotify.com/artist/1dWEYMPtNmvSVaDNLgB6NV,long_term,
Harry Styles,85,33784386,6KImCVD70vtIoJWnq6nGn3,https://open.spotify.com/artist/6KImCVD70vtIoJWnq6nGn3,long_term,
Vampire Weekend,67,2030439,5BvJzeQpmsdsFp4HGUYUEx,https://open.spotify.com/artist/5BvJzeQpmsdsFp4HGUYUEx,long_term,"baroque pop, indie"
Roar,66,1370902,7dIpKWlEeAljA20vFJ82RD,https://open.spotify.com/artist/7dIpKWlEeAljA20vFJ82RD,long_term,
Current Joys,73,1668299,0m5FakHKCQdA7UN0PIzMcL,https://open.spotify.com/artist/0m5FakHKCQdA7UN0PIzMcL,long_term,lo-fi indie
50 Cent,85,17908565,3q7HBObVc0L8jNeTe5Gofh,https://open.spotify.com/artist/3q7HBObVc0L8jNeTe5Gofh,long_term,"east coast hip hop, old school hip hop"
Vinyl Theatre,38,159356,7xSEWLsywYbocdtt3xsQsU,https://open.spotify.com/artist/7xSEWLsywYbocdtt3xsQsU,long_term,
Talat Mahmood,53,1116030,2fi9hpqNbi5neTbKSqG0vW,https://open.spotify.com/artist/2fi9hpqNbi5neTbKSqG0vW,long_term,"ghazal, qawwali"
Vacations,72,1395381,0U7iI0Dk4Ojvi17nZboNO4,https://open.spotify.com/artist/0U7iI0Dk4Ojvi17nZboNO4,long_term,
Tally Hall,64,967029,7lqaPghwYv2mE9baz5XQmL,https://open.spotify.com/artist/7lqaPghwYv2mE9baz5XQmL,long_term,
5 Seconds of Summer,78,10325169,5Rl15oVamLq7FbSb0NNBNy,https://open.spotify.com/artist/5Rl15oVamLq7FbSb0NNBNy,long_term,
Bryce Vine,65,522050,1ShZZUjkbXCjhwrb18BA8I,https://open.spotify.com/artist/1ShZZUjkbXCjhwrb18BA8I,long_term,
Daft Punk,83,10658730,4tZwfgrHOc3mvqYlEYSvVi,https://open.spotify.com/artist/4tZwfgrHOc3mvqYlEYSvVi,long_term,"electro, electronic, french house"
Lana Del Rey,92,48387595,00FQb4jTyendYWaN8pK0wa,https://open.spotify.com/artist/00FQb4jTyendYWaN8pK0wa,long_term,
King,68,9288305,5NHm4TU5Twz7owibYxJfFU,https://open.spotify.com/artist/5NHm4TU5Twz7owibYxJfFU,long_term,"desi hip hop, desi pop, hindi hip hop, hindi indie, hindi pop"
I DONT KNOW HOW BUT THEY FOUND ME,61,1097728,0Raaw7kr1Vzat4ZvHzjsJR,https://open.spotify.com/artist/0Raaw7kr1Vzat4ZvHzjsJR,long_term,
Kid Cudi,81,7553304,0fA0VVWsXO9YnASrzqfmYu,https://open.spotify.com/artist/0fA0VVWsXO9YnASrzqfmYu,long_term,
redveil,52,263101,5BwsX8bXOFC1YnqSlyfOKM,https://open.spotify.com/artist/5BwsX8bXOFC1YnqSlyfOKM,long_term,"alternative hip hop, experimental hip hop, underground hip hop"
d4vd,84,4116750,5y8tKLUfMvliMe8IKamR32,https://open.spotify.com/artist/5y8tKLUfMvliMe8IKamR32,long_term,
Sub Urban,68,1837704,7gXb99Sf9nNmpNYeAgIQFG,https://open.spotify.com/artist/7gXb99Sf9nNmpNYeAgIQFG,long_term,
Flume,73,2499861,6nxWCVXbOlEVRexSbLsTer,https://open.spotify.com/artist/6nxWCVXbOlEVRexSbLsTer,long_term,future bass
DANGERDOOM,58,342084,0b3fYxnG6tlR0zLtBJd8DF,https://open.spotify.com/artist/0b3fYxnG6tlR0zLtBJd8DF,long_term,
Karan Aujla,81,19080129,6DARBhWbfcS9E4yJzcliqQ,https://open.spotify.com/artist/6DARBhWbfcS9E4yJzcliqQ,long_term,"bhangra, desi, desi hip hop, punjabi hip hop, punjabi pop"
Chance the Rapper,76,6029895,1anyVhU62p31KFi8MEzkbf,https://open.spotify.com/artist/1anyVhU62p31KFi8MEzkbf,long_term,
Cornel Wilczek,13,1411,4dkHBxANZXk2STw2AUVE9S,https://open.spotify.com/artist/4dkHBxANZXk2STw2AUVE9S,long_term,
Widowspeak,44,119356,5ZW7HlSuZz8ng2X21cXbdP,https://open.spotify.com/artist/5ZW7HlSuZz8ng2X21cXbdP,long_term,"chillwave, dream pop"
Vishal-Shekhar,81,13446574,6Mv8GjQa7LKUGCAqa9qqdb,https://open.spotify.com/artist/6Mv8GjQa7LKUGCAqa9qqdb,long_term,"bollywood, desi, hindi pop"
Killer Mike,63,484187,2N4EYkIlG1kv25g6Wv8LGI,https://open.spotify.com/artist/2N4EYkIlG1kv25g6Wv8LGI,long_term,"alternative hip hop, southern hip hop"
Earl Sweatshirt,70,2359591,3A5tHz1SfngyOZM2gItYKu,https://open.spotify.com/artist/3A5tHz1SfngyOZM2gItYKu,long_term,"alternative hip hop, experimental hip hop"
Wu-Tang Clan,70,3584658,34EP7KEpOjXcM2TCat1ISk,https://open.spotify.com/artist/34EP7KEpOjXcM2TCat1ISk,long_term,"east coast hip hop, gangster rap, hardcore hip hop, hip hop, old school hip hop"
Charli xcx,88,5732378,25uiPmTg16RbhZWAqwLBy5,https://open.spotify.com/artist/25uiPmTg16RbhZWAqwLBy5,long_term,"art pop, hyperpop"
N.W.A.,67,6487951,4EnEZVjo3w1cwcQYePccay,https://open.spotify.com/artist/4EnEZVjo3w1cwcQYePccay,long_term,"g-funk, gangster rap, hip hop, old school hip hop, rap, west coast hip hop"
ScHoolboy Q,76,5013525,5IcR3N7QB1j6KBL8eImZ8m,https://open.spotify.com/artist/5IcR3N7QB1j6KBL8eImZ8m,long_term,
Suriel Hess,50,196411,5MLIxVYkY4Fc2dwdaYSS8G,https://open.spotify.com/artist/5MLIxVYkY4Fc2dwdaYSS8G,long_term,
Atif Aslam,82,36277977,2oSONSC9zQ4UonDKnLqksx,https://open.spotify.com/artist/2oSONSC9zQ4UonDKnLqksx,long_term,"bollywood, desi, hindi pop, qawwali, sufi"
The 1975,79,7807675,3mIj9lX2MWuHmhNCA7LSCW,https://open.spotify.com/artist/3mIj9lX2MWuHmhNCA7LSCW,long_term,
Weathers,55,312775,4OTFxPi5CtWyj1NThDe6z5,https://open.spotify.com/artist/4OTFxPi5CtWyj1NThDe6z5,long_term,
The Backseat Lovers,70,813073,6p2HnfM955TI1bX34dkLnI,https://open.spotify.com/artist/6p2HnfM955TI1bX34dkLnI,long_term,
Have A Nice Life,56,473214,0FRKTwQSToXpCxYMhyUzYY,https://open.spotify.com/artist/0FRKTwQSToXpCxYMhyUzYY,long_term,"shoegaze, slowcore"
my bloody valentine,58,1067084,3G3Gdm0ZRAOxLrbyjfhii5,https://open.spotify.com/artist/3G3Gdm0ZRAOxLrbyjfhii5,long_term,"dream pop, noise rock, shoegaze, slowcore"
¥$,75,1007849,4xPQFgDA5M2xa0ZGo5iIsv,https://open.spotify.com/artist/4xPQFgDA5M2xa0ZGo5iIsv,long_term,
Ezra Glatt,32,19622,1q5vdeaANN9uxk1na1WXek,https://open.spotify.com/artist/1q5vdeaANN9uxk1na1WXek,long_term,
Beastie Boys,71,3085595,03r4iKL2g2442PT9n2UKsx,https://open.spotify.com/artist/03r4iKL2g2442PT9n2UKsx,long_term,"east coast hip hop, hip hop, old school hip hop, rap rock"
Jagjit Singh,66,4399340,2ijWbN5KykTYiBoVmhzCTU,https://open.spotify.com/artist/2ijWbN5KykTYiBoVmhzCTU,long_term,"bhajan, devotional, ghazal, qawwali, sufi"
Dua Lipa,89,46210042,6M2wZ9GZgrQXHCFfjv46we,https://open.spotify.com/artist/6M2wZ9GZgrQXHCFfjv46we,long_term,pop
Laufey,82,7362339,7gW0r5CkdEUMm42w9XpyZO,https://open.spotify.com/artist/7gW0r5CkdEUMm42w9XpyZO,long_term,
Diljit Dosanjh,79,32781242,2FKWNmZWDBZR4dE5KX4plR,https://open.spotify.com/artist/2FKWNmZWDBZR4dE5KX4plR,long_term,"bhangra, bollywood, desi, punjabi hip hop, punjabi pop"
Ralph Castelli,53,141109,4o16FybIZV7WPD7tOl7PUd,https://open.spotify.com/artist/4o16FybIZV7WPD7tOl7PUd,long_term,bedroom pop
Billie Eilish,95,113475300,6qqNVTkY8uBg9cP3Jd7DAH,https://open.spotify.com/artist/6qqNVTkY8uBg9cP3Jd7DAH,long_term,
Lil Wayne,90,17259936,55Aa2cqylxrFIXC767Z865,https://open.spotify.com/artist/55Aa2cqylxrFIXC767Z865,long_term,"hip hop, rap"
beabadoobee,82,5885755,35l9BRT7MXmM8bv2WDQiyB,https://open.spotify.com/artist/35l9BRT7MXmM8bv2WDQiyB,long_term,bedroom pop
wave to earth,76,4524453,5069JTmv5ZDyPeZaCCXiCg,https://open.spotify.com/artist/5069JTmv5ZDyPeZaCCXiCg,long_term,
Magdalena Bay,70,462625,1oPRcJUkloHaRLYx0olBLJ,https://open.spotify.com/artist/1oPRcJUkloHaRLYx0olBLJ,long_term,
Paradox,64,2859663,3fWcIRZlzhMl2YNACMvHui,https://open.spotify.com/artist/3fWcIRZlzhMl2YNACMvHui,long_term,"desi hip hop, hindi hip hop, punjabi hip hop, punjabi pop"
Dayglow,66,1049953,6eJa3zG1QZLRB3xgRuyxbm,https://open.spotify.com/artist/6eJa3zG1QZLRB3xgRuyxbm,long_term,indie rock
Rex Orange County,78,6542423,7pbDxGE6nQSZVfiFdq9lOL,https://open.spotify.com/artist/7pbDxGE6nQSZVfiFdq9lOL,long_term,bedroom pop
Bruno Mars,93,72703897,0du5cEVh5yTK9QJze8zA0C,https://open.spotify.com/artist/0du5cEVh5yTK9QJze8zA0C,long_term,
Ludwig Göransson,68,399852,24eDfi2MSYo3A87hCcgpIL,https://open.spotify.com/artist/24eDfi2MSYo3A87hCcgpIL,long_term,soundtrack
Rich Brian,69,2139676,2IDLDx25HU1nQMKde4n61a,https://open.spotify.com/artist/2IDLDx25HU1nQMKde4n61a,long_term,
ABBA,83,14266013,0LcJLqbBmaGUft1e9Mm8HV,https://open.spotify.com/artist/0LcJLqbBmaGUft1e9Mm8HV,long_term,
Ice Cube,76,10590892,3Mcii5XWf6E0lrY3Uky4cA,https://open.spotify.com/artist/3Mcii5XWf6E0lrY3Uky4cA,long_term,"g-funk, gangster rap, old school hip hop, west coast hip hop"
bbno$,79,2340477,41X1TR6hrK8Q2ZCpp2EqCz,https://open.spotify.com/artist/41X1TR6hrK8Q2ZCpp2EqCz,long_term,
Manna Dey,59,2395365,4kcoiVXIxvUoLUoHY1vJYU,https://open.spotify.com/artist/4kcoiVXIxvUoLUoHY1vJYU,long_term,"bangla pop, bhajan, ghazal"
Løvesick,46,39314,4tpVKOHMbYOFLuNEQ54hVl,https://open.spotify.com/artist/4tpVKOHMbYOFLuNEQ54hVl,long_term,
L.Dre,50,255801,6gWGD0yeQYobb2sq0LUr7k,https://open.spotify.com/artist/6gWGD0yeQYobb2sq0LUr7k,long_term,lo-fi
Berliner Philharmoniker,74,250429,6uRJnvQ3f8whVnmeoecv5Z,https://open.spotify.com/artist/6uRJnvQ3f8whVnmeoecv5Z,long_term,"classical, opera, orchestra, requiem"
Yo Yo Honey Singh,80,30493498,7uIbLdzzSEqnX0Pkrb56cR,https://open.spotify.com/artist/7uIbLdzzSEqnX0Pkrb56cR,long_term,"bollywood, desi, hindi hip hop, hindi pop, punjabi pop"
Offset,78,5307646,4DdkRBBYG6Yk9Ka8tdJ9BW,https://open.spotify.com/artist/4DdkRBBYG6Yk9Ka8tdJ9BW,long_term,
Run The Jewels,62,1137634,4RnBFZRiMLRyZy0AzzTg2C,https://open.spotify.com/artist/4RnBFZRiMLRyZy0AzzTg2C,long_term,hip hop
glass beach,49,127716,4gHs8pWsgZpndQZKs6QVRH,https://open.spotify.com/artist/4gHs8pWsgZpndQZKs6QVRH,long_term,
Yoza,36,34201,2kRAvabCuU4rJiV6Lw5SFT,https://open.spotify.com/artist/2kRAvabCuU4rJiV6Lw5SFT,long_term,
Jay Rock,74,1595414,28ExwzUQsvgJooOI0X1mr3,https://open.spotify.com/artist/28ExwzUQsvgJooOI0X1mr3,long_term,
Lemaitre,49,180911,4CTKqs11Zgsv8EZTVzx764,https://open.spotify.com/artist/4CTKqs11Zgsv8EZTVzx764,long_term,"norwegian pop, nu disco"
Sidhu Moose Wala,80,42612790,4PULA4EFzYTrxYvOVlwpiQ,https://open.spotify.com/artist/4PULA4EFzYTrxYvOVlwpiQ,long_term,"bhangra, desi hip hop, punjabi hip hop, punjabi pop"
A-Wall,54,98688,56OjNTX2bkrdGcB0staUOV,https://open.spotify.com/artist/56OjNTX2bkrdGcB0staUOV,long_term,bedroom pop
Rihanna,92,67361321,5pKCCKE2ajJHZ9KAiaK11H,https://open.spotify.com/artist/5pKCCKE2ajJHZ9KAiaK11H,long_term,
AP Dhillon,78,7716023,6LEG9Ld1aLImEFEVHdWNSB,https://open.spotify.com/artist/6LEG9Ld1aLImEFEVHdWNSB,long_term,"bhangra, desi, desi hip hop, punjabi hip hop, punjabi pop"
Lil Yachty,80,10744271,6icQOAFXDZKsumw3YXyusw,https://open.spotify.com/artist/6icQOAFXDZKsumw3YXyusw,long_term,
Dino James,56,1189685,45PG2L6Fh2XvYL4ONzpdoW,https://open.spotify.com/artist/45PG2L6Fh2XvYL4ONzpdoW,long_term,"desi hip hop, hindi hip hop"
88rising,69,1032774,1AhjOkOLkbHUfcHDSErXQs,https://open.spotify.com/artist/1AhjOkOLkbHUfcHDSErXQs,long_term,
BROCKHAMPTON,66,2268718,1Bl6wpkWCQ4KVgnASpvzzA,https://open.spotify.com/artist/1Bl6wpkWCQ4KVgnASpvzzA,long_term,
The Lonely Island,59,1106727,1f5GqyOPo0CkotzzRwviBu,https://open.spotify.com/artist/1f5GqyOPo0CkotzzRwviBu,long_term,comedy
Mind Amend,20,7353,4tQ2ltVDpSVlCYuyrWt117,https://open.spotify.com/artist/4tQ2ltVDpSVlCYuyrWt117,long_term,
Jon Bellion,73,1497051,50JJSqHUf2RQ9xsHs0KMHg,https://open.spotify.com/artist/50JJSqHUf2RQ9xsHs0KMHg,long_term,
KAYTRAMINÉ,57,143189,5oifjQw72WO7Jut07fVWMy,https://open.spotify.com/artist/5oifjQw72WO7Jut07fVWMy,long_term,
King Crimson,57,1269999,7M1FPw29m5FbicYzS2xdpi,https://open.spotify.com/artist/7M1FPw29m5FbicYzS2xdpi,long_term,"art rock, progressive rock, psychedelic rock"
Beach House,75,2657859,56ZTgzPBDge0OvCGgMO3OY,https://open.spotify.com/artist/56ZTgzPBDge0OvCGgMO3OY,long_term,dream pop
Home,61,387408,2exebQUDoIoT0dXA8BcN1P,https://open.spotify.com/artist/2exebQUDoIoT0dXA8BcN1P,long_term,"chillwave, synthwave, vaporwave"
Peach Pit,66,870278,6fC2AcsQtd9h4BWELbbire,https://open.spotify.com/artist/6fC2AcsQtd9h4BWELbbire,long_term,
Elliott Smith,67,1287983,2ApaG60P4r0yhBoDCGD8YG,https://open.spotify.com/artist/2ApaG60P4r0yhBoDCGD8YG,long_term,singer-songwriter
Epr Iyer,34,123871,5tusfwYTSzhe2meWRNp9tj,https://open.spotify.com/artist/5tusfwYTSzhe2meWRNp9tj,long_term,"desi hip hop, hindi hip hop"
Lata Mangeshkar,79,21789433,61JrslREXq98hurYL2hYoc,https://open.spotify.com/artist/61JrslREXq98hurYL2hYoc,long_term,"bhajan, bollywood, ghazal, hindi pop, marathi pop"
Love Fame Tragedy,33,27295,04Ye3owBSFJF5hnYWHtq9Q,https://open.spotify.com/artist/04Ye3owBSFJF5hnYWHtq9Q,long_term,
NLE Choppa,79,9743787,0ErzCpIMyLcjPiwT4elrtZ,https://open.spotify.com/artist/0ErzCpIMyLcjPiwT4elrtZ,long_term,
mikeeysmind,68,236094,0g0ZYLiNYI4kMg8MX76bkN,https://open.spotify.com/artist/0g0ZYLiNYI4kMg8MX76bkN,long_term,
Lorde,84,10378717,163tK9Wjr9P9DmM0AVK7lm,https://open.spotify.com/artist/163tK9Wjr9P9DmM0AVK7lm,long_term,
BoyWithUke,73,4549157,1Cd373x8qzC7SNUg5IToqp,https://open.spotify.com/artist/1Cd373x8qzC7SNUg5IToqp,long_term,
awfultune,55,378204,1vkWdqcabQ1swciXipkLBj,https://open.spotify.com/artist/1vkWdqcabQ1swciXipkLBj,long_term,
Post Malone,90,47159436,246dkjvS1zLTtiykXe5h60,https://open.spotify.com/artist/246dkjvS1zLTtiykXe5h60,long_term,
Eric Nakassa,20,5525,3QlcbYYaeNIKpVFxci9Rs1,https://open.spotify.com/artist/3QlcbYYaeNIKpVFxci9Rs1,long_term,
Portugal. The Man,71,1497928,4kI8Ie27vjvonwaB2ePh8T,https://open.spotify.com/artist/4kI8Ie27vjvonwaB2ePh8T,long_term,
Dhruv,67,792312,70NcAr4ZtA3FAqU16iQZSb,https://open.spotify.com/artist/70NcAr4ZtA3FAqU16iQZSb,long_term,
My Chemical Romance,81,9828440,7FBcuc1gsnv6Y1nwFtNRCb,https://open.spotify.com/artist/7FBcuc1gsnv6Y1nwFtNRCb,long_term,"emo, pop punk"
The Local Train,62,1752715,7b6Ui7JVaBDEfZB9k6nHL0,https://open.spotify.com/artist/7b6Ui7JVaBDEfZB9k6nHL0,long_term,"hindi indie, indian indie"
Trippie Redd,82,10654104,6Xgp2XMz1fhVYe7i6yNAax,https://open.spotify.com/artist/6Xgp2XMz1fhVYe7i6yNAax,long_term,melodic rap
Hozier,86,8868174,2FXC3k01G6Gw61bmprjgqS,https://open.spotify.com/artist/2FXC3k01G6Gw61bmprjgqS,long_term,
"Black Country, New Road",61,398661,3PP6ghmOlDl2jaKaH0avUN,https://open.spotify.com/artist/3PP6ghmOlDl2jaKaH0avUN,long_term,"art rock, post-punk, post-rock"
100 gecs,62,653054,6PfSUFtkMVoDkx4MQkzOi3,https://open.spotify.com/artist/6PfSUFtkMVoDkx4MQkzOi3,long_term,"glitch, hyperpop"
Kamggarn,34,5836,6e3939Z4hNCDfAqYK6pYM2,https://open.spotify.com/artist/6e3939Z4hNCDfAqYK6pYM2,long_term,"neo-psychedelic, psychedelic rock, stoner rock"
Tegi Pannu,63,1110614,78sIlhMniFgXlOrNWnPtIl,https://open.spotify.com/artist/78sIlhMniFgXlOrNWnPtIl,long_term,"bhangra, desi, punjabi hip hop, punjabi pop"
Europa Galante,46,9592,2U5grycWMciHdeNQGUH7dO,https://open.spotify.com/artist/2U5grycWMciHdeNQGUH7dO,long_term,classical
Mother Mother,73,4424736,0e86yPdC41PGRkLp2Q1Bph,https://open.spotify.com/artist/0e86yPdC41PGRkLp2Q1Bph,long_term,
Dea Matrona,42,74497,2mjBLM7k51GwUPhN1miEHY,https://open.spotify.com/artist/2mjBLM7k51GwUPhN1miEHY,long_term,
Searows,59,198657,0nugNBwdWaptgIAsEtx1It,https://open.spotify.com/artist/0nugNBwdWaptgIAsEtx1It,long_term,
The Polarity,28,7237,0swM8BkerhCpxIaJQRXWeB,https://open.spotify.com/artist/0swM8BkerhCpxIaJQRXWeB,long_term,
Tom Misch,68,1334156,1uiEZYehlNivdK3iQyAbye,https://open.spotify.com/artist/1uiEZYehlNivdK3iQyAbye,long_term,indie soul
Jack Stauber,61,2153060,1vVHevk2PD45epYnDi9CCc,https://open.spotify.com/artist/1vVHevk2PD45epYnDi9CCc,long_term,
Neutral Milk Hotel,58,768462,2ooIqOf4X2uz4mMptXCtie,https://open.spotify.com/artist/2ooIqOf4X2uz4mMptXCtie,long_term,"anti-folk, folk punk"
Boy Called Cute,28,9493,5LMHSzrJtrqKAN6FSikW2j,https://open.spotify.com/artist/5LMHSzrJtrqKAN6FSikW2j,long_term,
Bloodbath64,37,27536,5ilLeYincegfCyjqxGXUW4,https://open.spotify.com/artist/5ilLeYincegfCyjqxGXUW4,long_term,
Frank Sinatra,79,8129345,1Mxqyy3pSjf8kZZL4QVxS0,https://open.spotify.com/artist/1Mxqyy3pSjf8kZZL4QVxS0,long_term,"adult standards, big band, christmas, jazz, swing music, vocal jazz"
Gunna,87,9635601,2hlmm7s2ICUX0LVIhVFlZQ,https://open.spotify.com/artist/2hlmm7s2ICUX0LVIhVFlZQ,long_term,melodic rap
Panicland,41,29421,0bsMtDo959mzEhgTOMeQSd,https://open.spotify.com/artist/0bsMtDo959mzEhgTOMeQSd,long_term,
The Alchemist,72,839072,0eVyjRhzZKke2KFYTcDkeu,https://open.spotify.com/artist/0eVyjRhzZKke2KFYTcDkeu,long_term,"alternative hip hop, boom bap, experimental hip hop, jazz rap"
Strawberry Guy,70,1158395,1AbJ2cmwK400LSvdvBL5Jc,https://open.spotify.com/artist/1AbJ2cmwK400LSvdvBL5Jc,long_term,bedroom pop
Kid Bloom,49,195680,5CXdWANGwYYRPClH6hhC0P,https://open.spotify.com/artist/5CXdWANGwYYRPClH6hhC0P,long_term,
Ikka,62,1339660,07iEy1AecUPVzfC2J2gCHR,https://open.spotify.com/artist/07iEy1AecUPVzfC2J2gCHR,long_term,"bollywood, desi, desi hip hop, hindi hip hop, hindi pop"
Limp Bizkit,80,7480088,165ZgPlLkK7bf5bDoFc6Sb,https://open.spotify.com/artist/165ZgPlLkK7bf5bDoFc6Sb,long_term,"alternative metal, nu metal, rap metal, rap rock"
Mohit Chauhan,76,13076584,5GnnSrwNCGyfAU4zuIytiS,https://open.spotify.com/artist/5GnnSrwNCGyfAU4zuIytiS,long_term,"bollywood, desi, hindi pop, sufi"
Connor Price,75,1680904,5zixe6AbgXPqt4c1uSl94L,https://open.spotify.com/artist/5zixe6AbgXPqt4c1uSl94L,long_term,
Hardcastle,31,17379,6L95H90mXRQPcFar4Q7tAm,https://open.spotify.com/artist/6L95H90mXRQPcFar4Q7tAm,long_term,
Pink Guy,51,1143561,3yJnBqAoRUNeDabdYoiYWD,https://open.spotify.com/artist/3yJnBqAoRUNeDabdYoiYWD,long_term,
Adam Storme,51,601,0eNiH722ChBnOwAjXcKDYI,https://open.spotify.com/artist/0eNiH722ChBnOwAjXcKDYI,long_term,
David Bowie,79,11471716,0oSGxfWSnnOXhD2fKuz2Gy,https://open.spotify.com/artist/0oSGxfWSnnOXhD2fKuz2Gy,long_term,"art rock, glam rock"
Tibeauthetraveler,58,12487,1csp9v9FfSxU0LcBtfWFCb,https://open.spotify.com/artist/1csp9v9FfSxU0LcBtfWFCb,long_term,"lo-fi, lo-fi beats, lo-fi hip hop"
Purrple Cat,60,108073,73aKnLT4O8G2pBEfdlQzrE,https://open.spotify.com/artist/73aKnLT4O8G2pBEfdlQzrE,long_term,"lo-fi, lo-fi beats, lo-fi hip hop"
Aerosmith,78,15577394,7Ey4PD4MYsKc5I2dolUwbH,https://open.spotify.com/artist/7Ey4PD4MYsKc5I2dolUwbH,long_term,"classic rock, rock"
Hans Zimmer,79,4563632,0YC192cP3KPCRWx8zr8MfZ,https://open.spotify.com/artist/0YC192cP3KPCRWx8zr8MfZ,long_term,soundtrack
BLITZ,53,954,0Mh5A7teUHad8RrOy9TvkH,https://open.spotify.com/artist/0Mh5A7teUHad8RrOy9TvkH,long_term,
Mankirt Aulakh,63,6727279,3uHUKCspaCzAab9A3LlGAr,https://open.spotify.com/artist/3uHUKCspaCzAab9A3LlGAr,long_term,"bhangra, punjabi hip hop, punjabi pop"
Mom's Home,14,4937,4r0u04NTCGEvE8iwSvC0wG,https://open.spotify.com/artist/4r0u04NTCGEvE8iwSvC0wG,long_term,
Poppy,67,1583954,5mlbvTfWUOfDrUIK6dkNzv,https://open.spotify.com/artist/5mlbvTfWUOfDrUIK6dkNzv,long_term,
Yeat,80,5808044,3qiHUAX7zY4Qnjx8TNUzVx,https://open.spotify.com/artist/3qiHUAX7zY4Qnjx8TNUzVx,long_term,rage rap
Guns N' Roses,83,34094229,3qm84nBOXUEQ2vnTfUTTFC,https://open.spotify.com/artist/3qm84nBOXUEQ2vnTfUTTFC,long_term,"classic rock, glam metal, hard rock, rock"
Crumb,61,645922,4kSGbjWGxTchKpIxXPJv0B,https://open.spotify.com/artist/4kSGbjWGxTchKpIxXPJv0B,long_term,"bedroom pop, neo-psychedelic"
Calvin Harris,89,23156240,7CajNmpbOovFoOoasH2HaY,https://open.spotify.com/artist/7CajNmpbOovFoOoasH2HaY,long_term,edm
Anamanaguchi,56,238864,2UwJRAgSOi1zcLkvUNc8XL,https://open.spotify.com/artist/2UwJRAgSOi1zcLkvUNc8XL,long_term,vocaloid
KISS,74,10595089,07XSN3sPlIlB2L2XNcTwJw,https://open.spotify.com/artist/07XSN3sPlIlB2L2XNcTwJw,long_term,"classic rock, glam metal, glam rock, hard rock, rock"
Geeta Dutt,49,1378970,0QsbYX8XslSSUcztc6u4pO,https://open.spotify.com/artist/0QsbYX8XslSSUcztc6u4pO,long_term,ghazal
The Velvet Underground,63,2087287,1nJvji2KIlWSseXRSlNYsC,https://open.spotify.com/artist/1nJvji2KIlWSseXRSlNYsC,long_term,"art rock, proto-punk"
Imran Khan,63,3134384,24BYRlsS8uIO4jA71mJ4Js,https://open.spotify.com/artist/24BYRlsS8uIO4jA71mJ4Js,long_term,"bhangra, desi, desi hip hop, punjabi hip hop, punjabi pop"
Men I Trust,74,2223837,3zmfs9cQwzJl575W1ZYXeT,https://open.spotify.com/artist/3zmfs9cQwzJl575W1ZYXeT,long_term,"bedroom pop, indie pop"
Varinder Brar,61,1190655,4C19flKmMm12gRxmBJWMCV,https://open.spotify.com/artist/4C19flKmMm12gRxmBJWMCV,long_term,"punjabi hip hop, punjabi pop"
Indra,54,1889,4mZVOEyscSE2MEbntY11c3,https://open.spotify.com/artist/4mZVOEyscSE2MEbntY11c3,long_term,
Sharry Mann,59,3034023,5azWSYXVoLKYKHlR5zNJ7i,https://open.spotify.com/artist/5azWSYXVoLKYKHlR5zNJ7i,long_term,"bhangra, punjabi pop"
Shubh,80,8181502,5r3wPya2PpeTTsXsGhQU8O,https://open.spotify.com/artist/5r3wPya2PpeTTsXsGhQU8O,long_term,"desi, desi hip hop, hindi hip hop, punjabi hip hop, punjabi pop"
Mehdi Hassan,47,1675205,73Qu5twIpvKmLU0rPaEJi4,https://open.spotify.com/artist/73Qu5twIpvKmLU0rPaEJi4,long_term,"ghazal, qawwali, sufi"
WYS,55,55353,2CiO7xWdwPMDlVwlt9qa1f,https://open.spotify.com/artist/2CiO7xWdwPMDlVwlt9qa1f,long_term,"lo-fi, lo-fi beats, lo-fi hip hop"
Kordhell,70,1420086,2W6WP4pHQTFlbr2z9S4n54,https://open.spotify.com/artist/2W6WP4pHQTFlbr2z9S4n54,long_term,"drift phonk, phonk"
Aaron May,68,635461,2rwALQ1SXdfUWPUd6WOfYS,https://open.spotify.com/artist/2rwALQ1SXdfUWPUd6WOfYS,long_term,
Pop Smoke,79,15312001,0eDvMgVFoNV3TpwtrVCoTj,https://open.spotify.com/artist/0eDvMgVFoNV3TpwtrVCoTj,long_term,"brooklyn drill, drill, new york drill"
Taranis,52,631,1NJVAyxYtsmOu8aiWyVpaH,https://open.spotify.com/artist/1NJVAyxYtsmOu8aiWyVpaH,long_term,
eleven,42,2622,2je6GFLTZmAbrnjokRtWfU,https://open.spotify.com/artist/2je6GFLTZmAbrnjokRtWfU,long_term,"lo-fi, lo-fi beats"
Teen Jesus and the Jean Teasers,41,48588,3KrgUUwoRQ6OQp4IOmqnSF,https://open.spotify.com/artist/3KrgUUwoRQ6OQp4IOmqnSF,long_term,
Dimension 32,57,9400,46RYzJ2442SuhtOTl281nz,https://open.spotify.com/artist/46RYzJ2442SuhtOTl281nz,long_term,"lo-fi, lo-fi beats, lo-fi hip hop"
MoonDeity,61,542132,5ja9cfKWW8Zj9aloyK8WuY,https://open.spotify.com/artist/5ja9cfKWW8Zj9aloyK8WuY,long_term,"drift phonk, phonk"
Casiio,61,17827,5zUSfxfP1NETZiaWt0Ui0a,https://open.spotify.com/artist/5zUSfxfP1NETZiaWt0Ui0a,long_term,"lo-fi, lo-fi beats, lo-fi hip hop"
KSLV Noh,56,388687,2ElMqlv5py0QFIVXUff627,https://open.spotify.com/artist/2ElMqlv5py0QFIVXUff627,long_term,"drift phonk, phonk"
KÖWE,34,11871,2VhxLzKBBF3mRhJnBRsuGI,https://open.spotify.com/artist/2VhxLzKBBF3mRhJnBRsuGI,long_term,lo-fi
Surf Curse,73,1634464,1gl0S9pS0Zw0qfa14rDD3D,https://open.spotify.com/artist/1gl0S9pS0Zw0qfa14rDD3D,long_term,indie
Northlane,53,367527,3qyg72RGnGdF521zMU02u9,https://open.spotify.com/artist/3qyg72RGnGdF521zMU02u9,long_term,"deathcore, djent, metal, metalcore, post-hardcore, progressive metal"
Wham!,69,3041563,5lpH0xAS4fVfLkACg9DAuM,https://open.spotify.com/artist/5lpH0xAS4fVfLkACg9DAuM,long_term,christmas
Shadow of Intent,55,239885,76xrrejizyQpKukBIhnf3D,https://open.spotify.com/artist/76xrrejizyQpKukBIhnf3D,long_term,"death metal, deathcore, djent, metal, metalcore"
King Geedorah,55,348853,77AKJs9SJqxHXbPgtJPKRa,https://open.spotify.com/artist/77AKJs9SJqxHXbPgtJPKRa,long_term,"alternative hip hop, experimental hip hop, jazz rap"
softy,63,33311,0wcen0V8FgQu6xYupnZMbB,https://open.spotify.com/artist/0wcen0V8FgQu6xYupnZMbB,long_term,"lo-fi, lo-fi beats, lo-fi hip hop"
Slayer,67,4337679,1IQ2e1buppatiN1bxUVkrk,https://open.spotify.com/artist/1IQ2e1buppatiN1bxUVkrk,long_term,"death metal, groove metal, heavy metal, metal, speed metal, thrash metal"
Stormie,47,549,2brtdNdmDGrLUcEGmE3a8y,https://open.spotify.com/artist/2brtdNdmDGrLUcEGmE3a8y,long_term,
Attono,48,574,4t29lXsw1uTqtI0Gzj00Cu,https://open.spotify.com/artist/4t29lXsw1uTqtI0Gzj00Cu,long_term,
Satsuto,32,7014,5xkGH3C3ZNnvQeyB4bKD0l,https://open.spotify.com/artist/5xkGH3C3ZNnvQeyB4bKD0l,long_term,lo-fi
Younger Hunger,45,61375,6Irs7fI5Xuwhx38JhtarDu,https://open.spotify.com/artist/6Irs7fI5Xuwhx38JhtarDu,long_term,
Kanisan,56,9472,0Q6S7QIOyuvDYzbhpvM5FO,https://open.spotify.com/artist/0Q6S7QIOyuvDYzbhpvM5FO,long_term,"lo-fi, lo-fi beats, lo-fi hip hop"
Hoogway,62,18051,1Mh9G47YfuaLdQs44voLrQ,https://open.spotify.com/artist/1Mh9G47YfuaLdQs44voLrQ,long_term,"lo-fi, lo-fi beats, lo-fi hip hop"
tills chills,34,6753,2epKTMNUfHzX5xhzF2DHa4,https://open.spotify.com/artist/2epKTMNUfHzX5xhzF2DHa4,long_term,lo-fi
Beach Bunny,69,1787045,2vnB6tuQMaQpORiRdvXF9H,https://open.spotify.com/artist/2vnB6tuQMaQpORiRdvXF9H,long_term,
Teide,46,1181,31JZooajAUmQZAX2j6fPZ5,https://open.spotify.com/artist/31JZooajAUmQZAX2j6fPZ5,long_term,
Dead Poet Society,58,203588,31M8EXHYtEqOqVb1X7JRVe,https://open.spotify.com/artist/31M8EXHYtEqOqVb1X7JRVe,long_term,
Janos Sebestyen,49,8484,3XqsvVsJuMXQsfVwpYZLFZ,https://open.spotify.com/artist/3XqsvVsJuMXQsfVwpYZLFZ,long_term,"classical, classical piano"
Krynoze,54,6055,3iGthn6RykA9JUHnilAIr0,https://open.spotify.com/artist/3iGthn6RykA9JUHnilAIr0,long_term,"lo-fi, lo-fi beats, lo-fi hip hop"
Blue Fox,48,2793,4VfNwO9Vm7qytrCtUlwwGY,https://open.spotify.com/artist/4VfNwO9Vm7qytrCtUlwwGY,long_term,"lo-fi, lo-fi beats"
Glass Animals,78,4489612,4yvcSjfu4PC0CYQyLy4wSq,https://open.spotify.com/artist/4yvcSjfu4PC0CYQyLy4wSq,long_term,
$NOT,66,1566269,5IbEL2xjRtKsunfmsahLuO,https://open.spotify.com/artist/5IbEL2xjRtKsunfmsahLuO,long_term,
Nairuz,39,2713,5Rl9GnnclvARcDxCUMO02Y,https://open.spotify.com/artist/5Rl9GnnclvARcDxCUMO02Y,long_term,
Lil Baby,88,20756720,5f7VJjfbwm532GiveGC0ZK,https://open.spotify.com/artist/5f7VJjfbwm532GiveGC0ZK,long_term,
Animals As Leaders,51,574193,65C6Unk7nhg2aCnVuAPMo8,https://open.spotify.com/artist/65C6Unk7nhg2aCnVuAPMo8,long_term,"djent, math rock, metal, progressive metal, progressive rock"
Internet Money,69,982690,6MPCFvOQv5cIGfw3jODMF0,https://open.spotify.com/artist/6MPCFvOQv5cIGfw3jODMF0,long_term,
Alex G,78,3242394,6lcwlkAjBPSKnFBZjjZFJs,https://open.spotify.com/artist/6lcwlkAjBPSKnFBZjjZFJs,long_term,
DVRST,64,560656,0XFgyr4jwM0MGeZZW0VzA5,https://open.spotify.com/artist/0XFgyr4jwM0MGeZZW0VzA5,long_term,"drift phonk, phonk"
Franz Ferdinand,71,2903586,0XNa1vTidXlvJ2gHSsRi4A,https://open.spotify.com/artist/0XNa1vTidXlvJ2gHSsRi4A,long_term,indie rock
Alec Benjamin,75,5488390,5IH6FPUwQTxPSXurCrcIov,https://open.spotify.com/artist/5IH6FPUwQTxPSXurCrcIov,long_term,
Lenny Loops,58,4216,6MvnyPinXRQbUCMsPoymhR,https://open.spotify.com/artist/6MvnyPinXRQbUCMsPoymhR,long_term,"lo-fi, lo-fi beats, lo-fi hip hop"
Nadav Cohen,53,4172,04TycqJU9QoZ0DRQfuDM5S,https://open.spotify.com/artist/04TycqJU9QoZ0DRQfuDM5S,long_term,"lo-fi, lo-fi hip hop"
Gojira,66,1699392,0GDGKpJFhVpcjIGF8N6Ewt,https://open.spotify.com/artist/0GDGKpJFhVpcjIGF8N6Ewt,long_term,"death metal, djent, groove metal, metal, progressive metal"
Nicki Minaj,88,33996109,0hCNtLu0JehylgoiP8L4Gh,https://open.spotify.com/artist/0hCNtLu0JehylgoiP8L4Gh,long_term,
Will Paquin,59,180962,0oouuXi8tdasgUgk520Jy6,https://open.spotify.com/artist/0oouuXi8tdasgUgk520Jy6,long_term,
SKILL,16,2839,0qJafdLvWH7FmCiZMJvUjg,https://open.spotify.com/artist/0qJafdLvWH7FmCiZMJvUjg,long_term,phonk
Hensonn,59,252709,0snouHYzOWSgxRBYMQsa3H,https://open.spotify.com/artist/0snouHYzOWSgxRBYMQsa3H,long_term,"drift phonk, phonk"
Mondo Loops,61,41565,1XFN3VcuKr4tsTtQlRiTgK,https://open.spotify.com/artist/1XFN3VcuKr4tsTtQlRiTgK,long_term,"lo-fi, lo-fi beats, lo-fi hip hop"
Skyyy,56,1398,1d1rh6BlGzeXaj67hVeDXe,https://open.spotify.com/artist/1d1rh6BlGzeXaj67hVeDXe,long_term,
Within Destruction,42,112875,1kAX4yFdmR0hJe2tPu1785,https://open.spotify.com/artist/1kAX4yFdmR0hJe2tPu1785,long_term,"death metal, deathcore, djent, metalcore"
Weather Pass,49,311,2H3oeCocy2EKakpX7Es1T5,https://open.spotify.com/artist/2H3oeCocy2EKakpX7Es1T5,long_term,
Stories Seldom Told,13,279,2Iyf4h2Mpja2cBl9HwEqo7,https://open.spotify.com/artist/2Iyf4h2Mpja2cBl9HwEqo7,long_term,
Rage Against The Machine,74,6683172,2d0hyoQ5ynDBnkvAbJKORj,https://open.spotify.com/artist/2d0hyoQ5ynDBnkvAbJKORj,long_term,"alternative metal, nu metal, rap metal, rap rock"
Ski Mask The Slump God,72,6019508,2rhFzFmezpnW82MNqEKVry,https://open.spotify.com/artist/2rhFzFmezpnW82MNqEKVry,long_term,
Three Days Grace,80,6961155,2xiIXseIJcq3nG7C8fHeBj,https://open.spotify.com/artist/2xiIXseIJcq3nG7C8fHeBj,long_term,"post-grunge, rock"
No Vacation,59,483891,32zeX1IoVKAGWMyy1isKUq,https://open.spotify.com/artist/32zeX1IoVKAGWMyy1isKUq,long_term,"bedroom pop, dream pop"
Cosmic Koala,49,2661,3ARvFGBfNt9K1SIDM9yMwu,https://open.spotify.com/artist/3ARvFGBfNt9K1SIDM9yMwu,long_term,lo-fi
Raimu,49,22680,4PMAJlYIlc9EafX6z8lwZ3,https://open.spotify.com/artist/4PMAJlYIlc9EafX6z8lwZ3,long_term,"lo-fi, lo-fi beats, lo-fi hip hop"
Logic,75,6139990,4xRYI6VqpkE3UwrDrAZL8L,https://open.spotify.com/artist/4xRYI6VqpkE3UwrDrAZL8L,long_term,
Young Thug,87,11894996,50co4Is1HCEo8bhOyUWKpn,https://open.spotify.com/artist/50co4Is1HCEo8bhOyUWKpn,long_term,"melodic rap, rap, trap"
Bon Jovi,81,15215749,58lV9VcRSjABbAbfWS6skp,https://open.spotify.com/artist/58lV9VcRSjABbAbfWS6skp,long_term,"glam metal, rock"
Dxrk ダーク,60,552579,5TvFfw1MgSntdU9A7yncyA,https://open.spotify.com/artist/5TvFfw1MgSntdU9A7yncyA,long_term,"drift phonk, phonk"
Clam Pass,42,353,5tiC8V84vAB6FIDwSkGCF6,https://open.spotify.com/artist/5tiC8V84vAB6FIDwSkGCF6,long_term,
l'Outlander,44,9710,5tvVRGHiqZjsZDIYvLDdl5,https://open.spotify.com/artist/5tvVRGHiqZjsZDIYvLDdl5,long_term,"lo-fi, lo-fi hip hop"
Isaiah Rashad,70,1575944,6aaMZ3fcfLv4tEbmY7bjRM,https://open.spotify.com/artist/6aaMZ3fcfLv4tEbmY7bjRM,long_term,
"oh, the joy.",56,7708,6kqOxJqJ4r4cIlbYR4GbP4,https://open.spotify.com/artist/6kqOxJqJ4r4cIlbYR4GbP4,long_term,lo-fi beats
Iron Maiden,75,10061698,6mdiAmATAx73kdxrNrnlao,https://open.spotify.com/artist/6mdiAmATAx73kdxrNrnlao,long_term,"hard rock, heavy metal, metal, rock"
We Came As Romans,64,918694,6qO6LhD6FuXK5e2PtfAIMz,https://open.spotify.com/artist/6qO6LhD6FuXK5e2PtfAIMz,long_term,"metalcore, post-hardcore, screamo"
Bcalm,59,10669,7M4y7qvcYja7RcXNCGrjeP,https://open.spotify.com/artist/7M4y7qvcYja7RcXNCGrjeP,long_term,"lo-fi, lo-fi beats, lo-fi hip hop"
Red Hot Chili Peppers,86,22652786,0L8ExT028jH3ddEcZwqJJ5,https://open.spotify.com/artist/0L8ExT028jH3ddEcZwqJJ5,long_term,"alternative rock, funk rock, rock"
Freddie Gibbs,68,1397275,0Y4inQK6OespitzD6ijMwb,https://open.spotify.com/artist/0Y4inQK6OespitzD6ijMwb,long_term,
Pink Floyd,82,22152760,0k17h0D3J5VfsdmQ1iZtE9,https://open.spotify.com/artist/0k17h0D3J5VfsdmQ1iZtE9,long_term,"art rock, classic rock, progressive rock, psychedelic rock, rock"
Bring Me The Horizon,80,6453893,1Ffb6ejR6Fe5IamqA5oRUF,https://open.spotify.com/artist/1Ffb6ejR6Fe5IamqA5oRUF,long_term,"emo, metalcore, post-hardcore, rock, screamo"
Towerz,57,10528,1bbah9s09626gweOzzLbKG,https://open.spotify.com/artist/1bbah9s09626gweOzzLbKG,long_term,"lo-fi, lo-fi beats, lo-fi hip hop"
A.R. Rahman,83,64942546,1mYsTxnqsietFxj1OgoGbG,https://open.spotify.com/artist/1mYsTxnqsietFxj1OgoGbG,long_term,"bollywood, desi, hindi pop, kollywood, sufi, tamil pop"
Phoebe Bridgers,79,2869418,1r1uxoy19fzMxunt3ONAkG,https://open.spotify.com/artist/1r1uxoy19fzMxunt3ONAkG,long_term,
TesseracT,48,340330,23ytwhG1pzX6DIVWRWvW1r,https://open.spotify.com/artist/23ytwhG1pzX6DIVWRWvW1r,long_term,"djent, metal, progressive metal, progressive rock"
Good Kid,66,559564,38SKxCyfrmNWqWunb9wGHP,https://open.spotify.com/artist/38SKxCyfrmNWqWunb9wGHP,long_term,
Niveous,32,781,3KIXk1rxDXMHyRgUvKplyx,https://open.spotify.com/artist/3KIXk1rxDXMHyRgUvKplyx,long_term,
Agnes Lundh,30,880,3OJ5pC5H7eYoyow4sXULSt,https://open.spotify.com/artist/3OJ5pC5H7eYoyow4sXULSt,long_term,
nowt,46,19955,3rJ3JaEwzwefdZMinCtdPI,https://open.spotify.com/artist/3rJ3JaEwzwefdZMinCtdPI,long_term,"ambient, dark ambient"
Tenno,54,30887,3yu4VilcxpQ6h35vRcemBp,https://open.spotify.com/artist/3yu4VilcxpQ6h35vRcemBp,long_term,"lo-fi, lo-fi beats, lo-fi hip hop"
Abe Hathot,44,9402,40tqIiKClGVYgzgxL4YoQw,https://open.spotify.com/artist/40tqIiKClGVYgzgxL4YoQw,long_term,
almost monday,61,154517,42FzVuyJH8YbkhzWSR2n8E,https://open.spotify.com/artist/42FzVuyJH8YbkhzWSR2n8E,long_term,
Karoly Botvay,52,3746,44KHTuijOnIVq2aOHWefAD,https://open.spotify.com/artist/44KHTuijOnIVq2aOHWefAD,long_term,classical
Conan Gray,81,11874865,4Uc8Dsxct0oMqx0P6i60ea,https://open.spotify.com/artist/4Uc8Dsxct0oMqx0P6i60ea,long_term,
Josef Briem,41,907,4WPCpYGEKs5yshn2wETIDB,https://open.spotify.com/artist/4WPCpYGEKs5yshn2wETIDB,long_term,
Northerly Nature,56,936,5jNKsTKXS0Ub5ng4c4XsL1,https://open.spotify.com/artist/5jNKsTKXS0Ub5ng4c4XsL1,long_term,
Pandrezz,52,46629,65ZGdYSRT3Rmv6P7DN4XCC,https://open.spotify.com/artist/65ZGdYSRT3Rmv6P7DN4XCC,long_term,"lo-fi, lo-fi beats, lo-fi hip hop"
Dreams Ahead,42,697,6JHr6WrfMhJNTpJ1smiQXy,https://open.spotify.com/artist/6JHr6WrfMhJNTpJ1smiQXy,long_term,
hushfall,39,2445,6wPZ8OOl7FlpRa1aUejY47,https://open.spotify.com/artist/6wPZ8OOl7FlpRa1aUejY47,long_term,lo-fi
xander.,61,20534,6ysKfYgiKUTMCuq2fSTLK3,https://open.spotify.com/artist/6ysKfYgiKUTMCuq2fSTLK3,long_term,"jazz beats, lo-fi, lo-fi beats, lo-fi hip hop"
Taylor Swift,99,139155736,06HL4z0CvFAxyc27GXpf02,https://open.spotify.com/artist/06HL4z0CvFAxyc27GXpf02,long_term,
KUTE,57,189491,0S1mAPM0pgJZil5FCqhQTX,https://open.spotify.com/artist/0S1mAPM0pgJZil5FCqhQTX,long_term,"drift phonk, phonk"
Gucci Mane,78,5889304,13y7CgLHjMVRMDqxdx0Xdo,https://open.spotify.com/artist/13y7CgLHjMVRMDqxdx0Xdo,long_term,"rap, southern hip hop, trap"
Jhove,56,15812,1R9fj5Tiy9XMFp5ANzS7FA,https://open.spotify.com/artist/1R9fj5Tiy9XMFp5ANzS7FA,long_term,"lo-fi, lo-fi beats, lo-fi hip hop"
Phoenix,67,1963230,1xU878Z1QtBldR7ru9owdU,https://open.spotify.com/artist/1xU878Z1QtBldR7ru9owdU,long_term,indie
Judas Priest,68,4401696,2tRsMl4eGxwoNabM08Dm4I,https://open.spotify.com/artist/2tRsMl4eGxwoNabM08Dm4I,long_term,"glam metal, hard rock, heavy metal, metal"
Hotel Ugly,74,988309,35WVTyRnKAoaGExqgktVyb,https://open.spotify.com/artist/35WVTyRnKAoaGExqgktVyb,long_term,
Bryan Adams,78,4472863,3Z02hBLubJxuFJfhacLSDc,https://open.spotify.com/artist/3Z02hBLubJxuFJfhacLSDc,long_term,
Andromida,41,57718,4MRGrA70WS54oeDLbIWrTr,https://open.spotify.com/artist/4MRGrA70WS54oeDLbIWrTr,long_term,"djent, progressive metal"
KYLE,63,1110121,4qBgvVog0wzW75IQ48mU7v,https://open.spotify.com/artist/4qBgvVog0wzW75IQ48mU7v,long_term,
Imala Zir,30,1075,5hOW2X7ZiiV85jFgK4mLlo,https://open.spotify.com/artist/5hOW2X7ZiiV85jFgK4mLlo,long_term,
Haltura Arnadottir,27,548,61BZeS03ZCGHVYi8gq523e,https://open.spotify.com/artist/61BZeS03ZCGHVYi8gq523e,long_term,
Saib,55,166305,6N4HlHINMvoTyAL0yhBUCk,https://open.spotify.com/artist/6N4HlHINMvoTyAL0yhBUCk,long_term,"jazz beats, jazz house, lo-fi, lo-fi beats, lo-fi hip hop"
mell-ø,54,18119,6bA2OonnJsG1tN9yClu2aC,https://open.spotify.com/artist/6bA2OonnJsG1tN9yClu2aC,long_term,"lo-fi, lo-fi beats, lo-fi hip hop"
Ed Sheeran,91,120891195,6eUKZXaKkcviH0Ku9w2n3V,https://open.spotify.com/artist/6eUKZXaKkcviH0Ku9w2n3V,long_term,soft pop
MUPP,57,168230,7B9Gg9epjQzfNGdxijFczG,https://open.spotify.com/artist/7B9Gg9epjQzfNGdxijFczG,long_term,"drift phonk, phonk"
Hers Lake,37,634,7EqcX6VMuJAQViJqJrL2yA,https://open.spotify.com/artist/7EqcX6VMuJAQViJqJrL2yA,long_term,
Isaak Young,32,567,7qmOAgRUFZhLfwtyCGPKdo,https://open.spotify.com/artist/7qmOAgRUFZhLfwtyCGPKdo,long_term,
Two Scents,53,2411,7sRau6OFIdLc2jMdzZRt81,https://open.spotify.com/artist/7sRau6OFIdLc2jMdzZRt81,long_term,"jazz beats, jazz house, lo-fi, lo-fi beats"
J Dilla,57,750647,0IVcLMMbm05VIjnzPkGCyp,https://open.spotify.com/artist/0IVcLMMbm05VIjnzPkGCyp,long_term,"alternative hip hop, jazz rap"
Nature Vibrations,53,635,0l3CplnniDfzLGdeOJlF95,https://open.spotify.com/artist/0l3CplnniDfzLGdeOJlF95,long_term,
Måneskin,80,10410077,0lAWpj5szCSwM4rUMHYmrr,https://open.spotify.com/artist/0lAWpj5szCSwM4rUMHYmrr,long_term,
Los Retros,60,519745,0qraFJK6boYSp4ZMMX4PzG,https://open.spotify.com/artist/0qraFJK6boYSp4ZMMX4PzG,long_term,"bedroom pop, latin indie"
Badshah,78,29295962,0y59o4v8uw5crbN9M3JiL1,https://open.spotify.com/artist/0y59o4v8uw5crbN9M3JiL1,long_term,"bollywood, desi, desi hip hop, desi pop, hindi hip hop, hindi pop"
SXMPRA,62,334497,14uo609t1MvRGZcskySt9R,https://open.spotify.com/artist/14uo609t1MvRGZcskySt9R,long_term,"drift phonk, phonk, trap metal"
MINMI,49,240695,151w10AZKmL4a6iPwgxap3,https://open.spotify.com/artist/151w10AZKmL4a6iPwgxap3,long_term,"anime, j-r&b"
Shape Of Our Dreams,40,950,17QBpw01txiuRtneh0l1tc,https://open.spotify.com/artist/17QBpw01txiuRtneh0l1tc,long_term,
Amaranth Cove,43,10794,1Gt39QnTBTndeyiJ5SO04q,https://open.spotify.com/artist/1Gt39QnTBTndeyiJ5SO04q,long_term,
The Rare Occasions,68,597313,1QfpRUtH14JLoY6F6AYmwt,https://open.spotify.com/artist/1QfpRUtH14JLoY6F6AYmwt,long_term,
Elementaries,21,1158,1kB8QJP6BXE8ezroP29Z5r,https://open.spotify.com/artist/1kB8QJP6BXE8ezroP29Z5r,long_term,
Nothing But Thieves,67,1294975,1kDGbuxWknIKx4FlgWxiSp,https://open.spotify.com/artist/1kDGbuxWknIKx4FlgWxiSp,long_term,
Pharrell Williams,83,5205661,2RdwBSPQiwcmiDo9kixcl8,https://open.spotify.com/artist/2RdwBSPQiwcmiDo9kixcl8,long_term,
SoFaygo,62,855247,2SJhf6rTOU53g8yBdAjPby,https://open.spotify.com/artist/2SJhf6rTOU53g8yBdAjPby,long_term,rage rap
Xantesha,51,127417,2rgcNuLkn8pPBdKZhjZ8Em,https://open.spotify.com/artist/2rgcNuLkn8pPBdKZhjZ8Em,long_term,"brazilian phonk, drift phonk, phonk"
FINNEAS,71,2278028,37M5pPGs6V1fchFJSgCguX,https://open.spotify.com/artist/37M5pPGs6V1fchFJSgCguX,long_term,
Far & Beyond,38,1260,3ZfzatnOpZk7jV2TeN76if,https://open.spotify.com/artist/3ZfzatnOpZk7jV2TeN76if,long_term,
Lil Durk,83,9021378,3hcs9uc56yIGFCSy9leWe7,https://open.spotify.com/artist/3hcs9uc56yIGFCSy9leWe7,long_term,"chicago drill, drill"
GROUPLOVE,67,1243446,3kVUvbeRdcrqQ3oHk5hPdx,https://open.spotify.com/artist/3kVUvbeRdcrqQ3oHk5hPdx,long_term,indie
Kodak Black,83,12048388,46SHBwWsqBkxI7EeeBEQG7,https://open.spotify.com/artist/46SHBwWsqBkxI7EeeBEQG7,long_term,
Surfaces,67,973000,4ETSs924pXMzjIeD6E9b4u,https://open.spotify.com/artist/4ETSs924pXMzjIeD6E9b4u,long_term,
Two Door Cinema Club,71,2531210,536BYVgOnRky0xjsPT96zl,https://open.spotify.com/artist/536BYVgOnRky0xjsPT96zl,long_term,indie
Arcangelo Corelli,55,138145,5dmMpIyAVaH6b9FLFgWPrF,https://open.spotify.com/artist/5dmMpIyAVaH6b9FLFgWPrF,long_term,"chamber music, classical"
Djo,77,2076321,5p9HO3XC5P3BLxJs5Mtrhm,https://open.spotify.com/artist/5p9HO3XC5P3BLxJs5Mtrhm,long_term,
Ghostface Playa,55,267143,5xegBBY3vjR75woVR9kiy7,https://open.spotify.com/artist/5xegBBY3vjR75woVR9kiy7,long_term,"drift phonk, phonk"
Sun Of They,34,2917,5zmB7dGi1rKdsEYVxQvJpS,https://open.spotify.com/artist/5zmB7dGi1rKdsEYVxQvJpS,long_term,
Yung Lean,69,1104443,67lytN32YpUxiSeWlKfHJ3,https://open.spotify.com/artist/67lytN32YpUxiSeWlKfHJ3,long_term,cloud rap
Ever So Blue,51,13179,6LwcYWG1molG0KW2xwnPd2,https://open.spotify.com/artist/6LwcYWG1molG0KW2xwnPd2,long_term,
Salim–Sulaiman,71,2502935,6ohaQzKaXrobAL8paLSaxq,https://open.spotify.com/artist/6ohaQzKaXrobAL8paLSaxq,long_term,"bollywood, desi, hindi pop, qawwali, sufi"
High John,46,6963,6pxhj7jWxb2vzhFNyUpV80,https://open.spotify.com/artist/6pxhj7jWxb2vzhFNyUpV80,long_term,"jazz beats, jazz rap, lo-fi, lo-fi beats"
Garden Collective,38,777,6rT3tJQmePSMr68mPaqyyp,https://open.spotify.com/artist/6rT3tJQmePSMr68mPaqyyp,long_term,
Pixies,72,3411563,6zvul52xwTWzilBZl6BUbT,https://open.spotify.com/artist/6zvul52xwTWzilBZl6BUbT,long_term,alternative rock
FORGOTTENAGE,51,147376,75eUSWg8Tt9PZLiFWjascC,https://open.spotify.com/artist/75eUSWg8Tt9PZLiFWjascC,long_term,"drift phonk, phonk"
Beach Weather,71,914849,7I3bkknknQkIiatWiupQgD,https://open.spotify.com/artist/7I3bkknknQkIiatWiupQgD,long_term,
PLACID,17,373,7KQH1xnmFmACcxY4VBCTBn,https://open.spotify.com/artist/7KQH1xnmFmACcxY4VBCTBn,long_term,
Patrick Watson,72,876418,7bPs6jf983f0bjRAt1yxDM,https://open.spotify.com/artist/7bPs6jf983f0bjRAt1yxDM,long_term,
Malcolm Todd,75,554793,7eKkW1zo5uzW8kUntiiBvz,https://open.spotify.com/artist/7eKkW1zo5uzW8kUntiiBvz,long_term,
YoungBoy Never Broke Again,84,14200931,7wlFDEWiM5OoIAt8RSli8b,https://open.spotify.com/artist/7wlFDEWiM5OoIAt8RSli8b,long_term,
VØJ,64,307480,4KRllJ2dEeoqvxOQLOgOsI,https://open.spotify.com/artist/4KRllJ2dEeoqvxOQLOgOsI,long_term,"drift phonk, phonk, synthwave"
Doja Cat,87,33548383,5cj0lLjcoR7YOSnhnX0Po5,https://open.spotify.com/artist/5cj0lLjcoR7YOSnhnX0Po5,long_term,
Royal Blood,64,1693291,2S5hlvw4CMtMGswFtfdK15,https://open.spotify.com/artist/2S5hlvw4CMtMGswFtfdK15,long_term,"garage rock, rock"
girl in red,75,8418711,3uwAm6vQy7kWPS2bciKWx9,https://open.spotify.com/artist/3uwAm6vQy7kWPS2bciKWx9,long_term,bedroom pop
Sade,79,4796243,47zz7sob9NUcODy0BTDvKx,https://open.spotify.com/artist/47zz7sob9NUcODy0BTDvKx,long_term,
DIVINE,68,6033817,4Ai0pGz6GhQavjzaRhPTvz,https://open.spotify.com/artist/4Ai0pGz6GhQavjzaRhPTvz,long_term,"desi hip hop, hindi hip hop, punjabi hip hop, punjabi pop"
Coldplay,92,58847930,4gzpq5DPGxSnKTe4SA8HAU,https://open.spotify.com/artist/4gzpq5DPGxSnKTe4SA8HAU,long_term,
Dr. Dre,82,14441961,6DPYiyq5kWVQS4RGwxzPC7,https://open.spotify.com/artist/6DPYiyq5kWVQS4RGwxzPC7,long_term,"g-funk, gangster rap, hip hop, old school hip hop, rap, west coast hip hop"
ibi,39,30913,6P06yTsM3UACEZDIVCdwt6,https://open.spotify.com/artist/6P06yTsM3UACEZDIVCdwt6,long_term,
Mike Dimes,59,245229,6rIaHuCIUu32uj2CjlEBN3,https://open.spotify.com/artist/6rIaHuCIUu32uj2CjlEBN3,long_term,
Shankar-Ehsaan-Loy,75,7457574,0L5GV6LN8SWWUWIdBbTLTZ,https://open.spotify.com/artist/0L5GV6LN8SWWUWIdBbTLTZ,long_term,"bollywood, desi, hindi pop, sufi"
Key Glock,78,2302177,0RESbWvOMyua0yuyVrztJ5,https://open.spotify.com/artist/0RESbWvOMyua0yuyVrztJ5,long_term,
The Drums,64,1037637,0p5axeJsbtTCXBrRVoKjwu,https://open.spotify.com/artist/0p5axeJsbtTCXBrRVoKjwu,long_term,indie
Jaden,67,1948402,0xOeVMOz2fVg5BJY3N6akT,https://open.spotify.com/artist/0xOeVMOz2fVg5BJY3N6akT,long_term,
Akon,85,5690704,0z4gvV4rjIZ9wHck67ucSV,https://open.spotify.com/artist/0z4gvV4rjIZ9wHck67ucSV,long_term,
Matt Maltese,70,723228,12j6dJrPXanCBwY599pZxf,https://open.spotify.com/artist/12j6dJrPXanCBwY599pZxf,long_term,
Gippeul,34,53,1HuhL7vuf6QI3RrmApPdvp,https://open.spotify.com/artist/1HuhL7vuf6QI3RrmApPdvp,long_term,
Kali Uchis,88,9002672,1U1el3k54VvEUzo3ybLPlM,https://open.spotify.com/artist/1U1el3k54VvEUzo3ybLPlM,long_term,
2Pac,82,21711052,1ZwdS5xdxEREPySFridCfh,https://open.spotify.com/artist/1ZwdS5xdxEREPySFridCfh,long_term,"g-funk, gangster rap, hip hop, old school hip hop, west coast hip hop"
Metric,64,898159,1rCIEwPp5OnXW0ornlSsRl,https://open.spotify.com/artist/1rCIEwPp5OnXW0ornlSsRl,long_term,
Dr Zeus,65,1376575,1zrFFDzoE9XXyjEqqgDpMm,https://open.spotify.com/artist/1zrFFDzoE9XXyjEqqgDpMm,long_term,"bhangra, desi, desi hip hop, punjabi hip hop, punjabi pop"
Samuel Kim,64,386616,2bdcBjvuI9worc472GbeU0,https://open.spotify.com/artist/2bdcBjvuI9worc472GbeU0,long_term,anime
Shailendra Singh,53,776263,2lgp536k08u3n6rgIW0lNf,https://open.spotify.com/artist/2lgp536k08u3n6rgIW0lNf,long_term,marathi pop
Led Zeppelin,79,15582681,36QJpDe2go2KgaRleHCDTp,https://open.spotify.com/artist/36QJpDe2go2KgaRleHCDTp,long_term,"classic rock, hard rock, rock, rock and roll"
Linked Horizon,62,397588,3eNYrVLcWfjJ9JdH9kiPJO,https://open.spotify.com/artist/3eNYrVLcWfjJ9JdH9kiPJO,long_term,"anime, j-pop"
Juice WRLD,89,40850440,4MCBfE4596Uoi2O4DtmEMz,https://open.spotify.com/artist/4MCBfE4596Uoi2O4DtmEMz,long_term,"emo rap, melodic rap"
KK,80,20952484,4fEkbug6kZzzJ8eYX6Kbbp,https://open.spotify.com/artist/4fEkbug6kZzzJ8eYX6Kbbp,long_term,"bollywood, desi, hindi pop"
Hanumankind,69,811716,4nVa6XlBFlIkF6msW57PHp,https://open.spotify.com/artist/4nVa6XlBFlIkF6msW57PHp,long_term,"desi hip hop, malayalam hip hop"
Imagine Dragons,89,57517804,53XhwfbYqKCa1cC15pYq2q,https://open.spotify.com/artist/53XhwfbYqKCa1cC15pYq2q,long_term,
KR$NA,69,1654014,5C1S9XwxMuuCciutwMhp5t,https://open.spotify.com/artist/5C1S9XwxMuuCciutwMhp5t,long_term,"desi hip hop, hardcore hip hop, hindi hip hop, punjabi hip hop"
Nusrat Fateh Ali Khan,70,8608590,5HcunTidTUrOaf8V0iJcvl,https://open.spotify.com/artist/5HcunTidTUrOaf8V0iJcvl,long_term,"ghazal, qawwali, sufi"
The Police,79,7206537,5NGO30tJxFlKixkPSgXcFE,https://open.spotify.com/artist/5NGO30tJxFlKixkPSgXcFE,long_term,
Empire Of The Sun,82,1884237,67hb7towEyKvt5Z8Bx306c,https://open.spotify.com/artist/67hb7towEyKvt5Z8Bx306c,long_term,
Roddy Ricch,78,11527797,757aE44tKEUQEqRuT6GnEB,https://open.spotify.com/artist/757aE44tKEUQEqRuT6GnEB,long_term,melodic rap
The Pharcyde,61,833442,7yk35uHNQclPXFGFoTU44w,https://open.spotify.com/artist/7yk35uHNQclPXFGFoTU44w,long_term,"hip hop, jazz rap, old school hip hop, west coast hip hop"
Kumar Sanu,80,19698570,4K6blSRoklNdpw4mzLxwfn,https://open.spotify.com/artist/4K6blSRoklNdpw4mzLxwfn,long_term,"bollywood, hindi pop"
Lil Peep,84,14954542,2kCcBybjl3SAtIcwdWpUe3,https://open.spotify.com/artist/2kCcBybjl3SAtIcwdWpUe3,long_term,"cloud rap, emo rap"
Lil Darkie,70,2032696,62F9BiUmjqeXbBztCwiX1U,https://open.spotify.com/artist/62F9BiUmjqeXbBztCwiX1U,long_term,trap metal
Duster,67,1234950,5AyEXCtu3xnnsTGCo4RVZh,https://open.spotify.com/artist/5AyEXCtu3xnnsTGCo4RVZh,long_term,"shoegaze, slowcore"
Weezer,76,4345976,3jOstUTkEu2JkjvRdBA5Gu,https://open.spotify.com/artist/3jOstUTkEu2JkjvRdBA5Gu,long_term,alternative rock
Blur,71,3787988,7MhMgCo0Bl0Kukl93PZbYS,https://open.spotify.com/artist/7MhMgCo0Bl0Kukl93PZbYS,long_term,"alternative rock, britpop, madchester"
JPEGMAFIA,69,996434,6yJ6QQ3Y5l0s0tn7b0arrO,https://open.spotify.com/artist/6yJ6QQ3Y5l0s0tn7b0arrO,medium_term,"alternative hip hop, experimental, experimental hip hop"
Kendrick Lamar,95,42141093,2YZyLoL8N0Wb9xBt1NhZWg,https://open.spotify.com/artist/2YZyLoL8N0Wb9xBt1NhZWg,medium_term,"hip hop, west coast hip hop"
"Tyler, The Creator",90,22551303,4V8LLVI7PbaPR0K2TGSxFF,https://open.spotify.com/artist/4V8LLVI7PbaPR0K2TGSxFF,medium_term,
Seedhe Maut,71,996837,2oBG74gAocPMFv6Ij9ykdo,https://open.spotify.com/artist/2oBG74gAocPMFv6Ij9ykdo,medium_term,"desi, desi hip hop, hardcore hip hop, hindi hip hop"
Twenty One Pilots,86,25482655,3YQKmKGau1PzlVlkL1iodx,https://open.spotify.com/artist/3YQKmKGau1PzlVlkL1iodx,medium_term,
Childish Gambino,81,14228094,73sIBHcqh3Z3NyqHKZ7FOL,https://open.spotify.com/artist/73sIBHcqh3Z3NyqHKZ7FOL,medium_term,
Kanye West,93,30260015,5K4W6rqBFWDnAN6FQUkS6x,https://open.spotify.com/artist/5K4W6rqBFWDnAN6FQUkS6x,medium_term,rap
half•alive,61,732225,7sOR7gk6XUlGnxj3p9F54k,https://open.spotify.com/artist/7sOR7gk6XUlGnxj3p9F54k,medium_term,
The Strokes,78,6310608,0epOFNiUfyON9EYx7Tpr6V,https://open.spotify.com/artist/0epOFNiUfyON9EYx7Tpr6V,medium_term,"alternative rock, garage rock, indie rock"
Nirvana,84,22432353,6olE6TJLqED3rqDCT0FyPh,https://open.spotify.com/artist/6olE6TJLqED3rqDCT0FyPh,medium_term,"grunge, rock"
Joji,80,10267198,3MZsBdqDrRTJihTHQrO6Dq,https://open.spotify.com/artist/3MZsBdqDrRTJihTHQrO6Dq,medium_term,
Travis Scott,93,39262517,0Y5tJX1MQlPlqiwlOH1tJY,https://open.spotify.com/artist/0Y5tJX1MQlPlqiwlOH1tJY,medium_term,rap
SZA,93,30693249,7tYKF4w9nC0nq9CsPZTHyP,https://open.spotify.com/artist/7tYKF4w9nC0nq9CsPZTHyP,medium_term,r&b
Baby Keem,77,2988599,5SXuuuRpukkTvsLuUknva1,https://open.spotify.com/artist/5SXuuuRpukkTvsLuUknva1,medium_term,
Denzel Curry,73,2809705,6fxyWrfmjcbj5d12gXeiNV,https://open.spotify.com/artist/6fxyWrfmjcbj5d12gXeiNV,medium_term,
Car Seat Headrest,64,870178,5PbpKlxQE0Ktl5lcNABoFf,https://open.spotify.com/artist/5PbpKlxQE0Ktl5lcNABoFf,medium_term,"indie rock, midwest emo"
Playboi Carti,91,14396844,699OTQXzgjhIYAHMy9RyPD,https://open.spotify.com/artist/699OTQXzgjhIYAHMy9RyPD,medium_term,rage rap
Frank Ocean,88,19173221,2h93pZq0e7k5yf4dywlkpM,https://open.spotify.com/artist/2h93pZq0e7k5yf4dywlkpM,medium_term,
Joey Valence & Brae,68,641843,1q4618qKswelCGLoanFKQh,https://open.spotify.com/artist/1q4618qKswelCGLoanFKQh,medium_term,
Cage The Elephant,76,4175193,26T3LtbuGT1Fu9m0eRq5X3,https://open.spotify.com/artist/26T3LtbuGT1Fu9m0eRq5X3,medium_term,
Quadeca,56,310536,3zz52ViyCBcplK0ftEVPSS,https://open.spotify.com/artist/3zz52ViyCBcplK0ftEVPSS,medium_term,
Kishore Kumar,78,16514030,0GF4shudTAFv8ak9eWdd4Y,https://open.spotify.com/artist/0GF4shudTAFv8ak9eWdd4Y,medium_term,"bangla pop, bollywood, ghazal, hindi pop"
Future,92,21719028,1RyvyyTE3xzB2ZywiAwp0i,https://open.spotify.com/artist/1RyvyyTE3xzB2ZywiAwp0i,medium_term,rap
The Weeknd,97,106813510,1Xyo4u8uXC1ZmMpatF05PJ,https://open.spotify.com/artist/1Xyo4u8uXC1ZmMpatF05PJ,medium_term,
Metro Boomin,88,11125638,0iEtIxbK0KxaSlF7G42ZOp,https://open.spotify.com/artist/0iEtIxbK0KxaSlF7G42ZOp,medium_term,
Arctic Monkeys,88,30643993,7Ln80lUS6He07XvHI8qqHH,https://open.spotify.com/artist/7Ln80lUS6He07XvHI8qqHH,medium_term,"garage rock, indie"
MF DOOM,76,3857841,2pAWfrd7WFF3XhVt9GooDL,https://open.spotify.com/artist/2pAWfrd7WFF3XhVt9GooDL,medium_term,"alternative hip hop, east coast hip hop, experimental hip hop, jazz rap"
System Of A Down,84,13137562,5eAWCfyUhZtHHtBdNk56l1,https://open.spotify.com/artist/5eAWCfyUhZtHHtBdNk56l1,medium_term,"alternative metal, metal, nu metal, rap metal, rock"
TV Girl,83,11207049,0Y6dVaC9DZtPNH4591M42W,https://open.spotify.com/artist/0Y6dVaC9DZtPNH4591M42W,medium_term,
Slipknot,81,13396898,05fG473iIaoy82BF1aGhL8,https://open.spotify.com/artist/05fG473iIaoy82BF1aGhL8,medium_term,"alternative metal, heavy metal, metal, nu metal, rap metal"
JID,76,2086422,6U3ybJ9UHNKEdsH7ktGBZ7,https://open.spotify.com/artist/6U3ybJ9UHNKEdsH7ktGBZ7,medium_term,
Radiohead,87,12491823,4Z8W4fKeB5YxbusRsdQVPb,https://open.spotify.com/artist/4Z8W4fKeB5YxbusRsdQVPb,medium_term,"alternative rock, art rock"
Mac Miller,84,11879243,4LLpKhyESsyAXpc4laK94U,https://open.spotify.com/artist/4LLpKhyESsyAXpc4laK94U,medium_term,
Clairo,82,6176803,3l0CmX0FuQjFxr8SK7Vqag,https://open.spotify.com/artist/3l0CmX0FuQjFxr8SK7Vqag,medium_term,bedroom pop
Death Grips,59,949950,5RADpgYLOuS2ZxDq7ggYYH,https://open.spotify.com/artist/5RADpgYLOuS2ZxDq7ggYYH,medium_term,"experimental, experimental hip hop"
21 Savage,88,22862216,1URnnhqYAYcrqrcwql10ft,https://open.spotify.com/artist/1URnnhqYAYcrqrcwql10ft,medium_term,
Foster The People,74,4001021,7gP3bB2nilZXLfPHJhMdvc,https://open.spotify.com/artist/7gP3bB2nilZXLfPHJhMdvc,medium_term,
Pusha T,73,3005773,0ONHkAv9pCAFxb0zJwDNTy,https://open.spotify.com/artist/0ONHkAv9pCAFxb0zJwDNTy,medium_term,
The Beatles,86,30089674,3WrFJ7ztbogyGnTHbHJFl2,https://open.spotify.com/artist/3WrFJ7ztbogyGnTHbHJFl2,medium_term,"classic rock, psychedelic rock"
Pierce The Veil,78,3585991,4iJLPqClelZOBCBifm8Fzv,https://open.spotify.com/artist/4iJLPqClelZOBCBifm8Fzv,medium_term,"emo, post-hardcore, screamo"
Madvillain,64,772788,2aoFQUeHD1U7pL098lRsDU,https://open.spotify.com/artist/2aoFQUeHD1U7pL098lRsDU,medium_term,"alternative hip hop, experimental hip hop"
The Neighbourhood,85,20647881,77SW9BnxLY8rJ0RciFqkHh,https://open.spotify.com/artist/77SW9BnxLY8rJ0RciFqkHh,medium_term,
Lil Tecca,86,9660236,4Ga1P7PMIsmqEZqhYZQgDo,https://open.spotify.com/artist/4Ga1P7PMIsmqEZqhYZQgDo,medium_term,"melodic rap, rap"
Wallows,73,2964376,0NIPkIjTV8mB795yEIiPYL,https://open.spotify.com/artist/0NIPkIjTV8mB795yEIiPYL,medium_term,indie
Still Woozy,66,1078490,4iMO20EPodreIaEl8qW66y,https://open.spotify.com/artist/4iMO20EPodreIaEl8qW66y,medium_term,bedroom pop
Liana Flores,67,622383,5zVu34ozw0BzXIcNHqkO0u,https://open.spotify.com/artist/5zVu34ozw0BzXIcNHqkO0u,medium_term,
XXXTENTACION,87,50523924,15UsOTVnJzReFVN1VCnxy4,https://open.spotify.com/artist/15UsOTVnJzReFVN1VCnxy4,medium_term,emo rap
Psychedelic Porn Crumpets,54,339994,7GRrLcUxwtQLvOpO7OHO80,https://open.spotify.com/artist/7GRrLcUxwtQLvOpO7OHO80,medium_term,"acid rock, neo-psychedelic, psychedelic rock, stoner rock"
Doechii,84,3000659,4E2rKHVDssGJm2SCDOMMJB,https://open.spotify.com/artist/4E2rKHVDssGJm2SCDOMMJB,medium_term,
Asha Bhosle,73,9535550,5as8A4G47Ohu9NSWs3Je8U,https://open.spotify.com/artist/5as8A4G47Ohu9NSWs3Je8U,medium_term,"bangla pop, bollywood, ghazal, hindi pop, marathi pop"
Drake,98,99472069,3TVXtAsR1Inumwj472S9r4,https://open.spotify.com/artist/3TVXtAsR1Inumwj472S9r4,medium_term,rap
Mohammed Rafi,72,9623019,0gXDpqwYNDODn7fB0RDN8J,https://open.spotify.com/artist/0gXDpqwYNDODn7fB0RDN8J,medium_term,"ghazal, hindi pop"
Mukesh,68,3625382,4etv0ut4ws0GbXBtolzf5e,https://open.spotify.com/artist/4etv0ut4ws0GbXBtolzf5e,medium_term,"ghazal, tamil dance"
Michael Jackson,86,35992683,3fMbdgg4jU18AjLCKBhRSm,https://open.spotify.com/artist/3fMbdgg4jU18AjLCKBhRSm,medium_term,
Vince Staples,69,2009249,68kEuyFKyqrdQQLLsmiatm,https://open.spotify.com/artist/68kEuyFKyqrdQQLLsmiatm,medium_term,
Mild High Club,59,600431,5J81VungUjSVHxlPpTI9KG,https://open.spotify.com/artist/5J81VungUjSVHxlPpTI9KG,medium_term,neo-psychedelic
Korn,79,9141116,3RNrq3jvMZxD9ZyoOZbQOD,https://open.spotify.com/artist/3RNrq3jvMZxD9ZyoOZbQOD,medium_term,"alternative metal, metal, nu metal, rap metal"
Crywank,48,228364,7gzXeFUDWz0aqhikdkOJxQ,https://open.spotify.com/artist/7gzXeFUDWz0aqhikdkOJxQ,medium_term,"anti-folk, folk punk, midwest emo"
Eminem,92,101578469,7dGJo4pcD2V6oG8kP0tJRR,https://open.spotify.com/artist/7dGJo4pcD2V6oG8kP0tJRR,medium_term,"hip hop, rap"
Lil Uzi Vert,85,18910807,4O15NlyKLIASxsJ0PrXPfz,https://open.spotify.com/artist/4O15NlyKLIASxsJ0PrXPfz,medium_term,melodic rap
A$AP Rocky,86,16768671,13ubrt8QOOCPljQ2FL1Kca,https://open.spotify.com/artist/13ubrt8QOOCPljQ2FL1Kca,medium_term,rap
Cavetown,70,4402799,2hR4h1Cao2ueuI7Cx9c7V8,https://open.spotify.com/artist/2hR4h1Cao2ueuI7Cx9c7V8,medium_term,bedroom pop
Black Sabbath,76,8942069,5M52tdBnJaKSvOpJGz8mfZ,https://open.spotify.com/artist/5M52tdBnJaKSvOpJGz8mfZ,medium_term,"classic rock, doom metal, hard rock, heavy metal, metal, rock, stoner rock"
Eyedress,74,2606633,3XxNRirzbjfLdDli06zMaB,https://open.spotify.com/artist/3XxNRirzbjfLdDli06zMaB,medium_term,
Queen,86,54174842,1dfeR4HaWDbWqFHLkxsg1d,https://open.spotify.com/artist/1dfeR4HaWDbWqFHLkxsg1d,medium_term,"classic rock, glam rock, rock"
Talat Mahmood,53,1116030,2fi9hpqNbi5neTbKSqG0vW,https://open.spotify.com/artist/2fi9hpqNbi5neTbKSqG0vW,medium_term,"ghazal, qawwali"
Deftones,83,7047309,6Ghvu1VvMGScGpOUJBAHNH,https://open.spotify.com/artist/6Ghvu1VvMGScGpOUJBAHNH,medium_term,"alternative metal, nu metal, rap metal, shoegaze"
Dominic Fike,79,2128141,6USv9qhCn6zfxlBQIYJ9qs,https://open.spotify.com/artist/6USv9qhCn6zfxlBQIYJ9qs,medium_term,
Aminé,71,2006273,3Gm5F95VdRxW3mqCn8RPBJ,https://open.spotify.com/artist/3Gm5F95VdRxW3mqCn8RPBJ,medium_term,
Skepta,76,1524917,2p1fiYHYiXz9qi0JJyxBzN,https://open.spotify.com/artist/2p1fiYHYiXz9qi0JJyxBzN,medium_term,"grime, uk grime"
Steve Lacy,81,6054478,57vWImR43h4CaDao012Ofp,https://open.spotify.com/artist/57vWImR43h4CaDao012Ofp,medium_term,
AJR,73,3596001,6s22t5Y3prQHyaHWUN1R1C,https://open.spotify.com/artist/6s22t5Y3prQHyaHWUN1R1C,medium_term,
Nujabes,68,1408562,3Rq3YOF9YG9YfCWD4D56RZ,https://open.spotify.com/artist/3Rq3YOF9YG9YfCWD4D56RZ,medium_term,jazz rap
Nas,74,4185935,20qISvAhX20dpIbOOzGK3q,https://open.spotify.com/artist/20qISvAhX20dpIbOOzGK3q,medium_term,"east coast hip hop, hip hop, old school hip hop"
Hemant Kumar,59,2332749,02Um2HIOrUdsy3wqPBZwsj,https://open.spotify.com/artist/02Um2HIOrUdsy3wqPBZwsj,medium_term,"bangla pop, ghazal, marathi pop"
Teethe,41,30994,3K2gErmF9xLdo6dqOj1VbI,https://open.spotify.com/artist/3K2gErmF9xLdo6dqOj1VbI,medium_term,"shoegaze, slowcore"
Jordana,64,208132,5Bw9kFNhy019e4IBCJZlzw,https://open.spotify.com/artist/5Bw9kFNhy019e4IBCJZlzw,medium_term,
The Smiths,80,7326494,3yY2gUcIsjMr8hjo51PoJ8,https://open.spotify.com/artist/3yY2gUcIsjMr8hjo51PoJ8,medium_term,"jangle pop, madchester, new wave"
Jack Stauber's Micropop,67,2217454,1yNIb413Bmfs2ZBVuPp9kC,https://open.spotify.com/artist/1yNIb413Bmfs2ZBVuPp9kC,medium_term,
Joey Bada$$,73,3763364,2P5sC9cVZDToPxyomzF1UH,https://open.spotify.com/artist/2P5sC9cVZDToPxyomzF1UH,medium_term,"hip hop, rap"
Karan Aujla,81,19080129,6DARBhWbfcS9E4yJzcliqQ,https://open.spotify.com/artist/6DARBhWbfcS9E4yJzcliqQ,medium_term,"bhangra, desi, desi hip hop, punjabi hip hop, punjabi pop"
KIDS SEE GHOSTS,59,1002528,2hPgGN4uhvXAxiXQBIXOmE,https://open.spotify.com/artist/2hPgGN4uhvXAxiXQBIXOmE,medium_term,
Mac DeMarco,82,7557604,3Sz7ZnJQBIHsXLUSo0OQtM,https://open.spotify.com/artist/3Sz7ZnJQBIHsXLUSo0OQtM,medium_term,"indie, lo-fi indie"
Gorillaz,83,13492228,3AA28KZvwAUcZuOKwyblJQ,https://open.spotify.com/artist/3AA28KZvwAUcZuOKwyblJQ,medium_term,
Flume,73,2499861,6nxWCVXbOlEVRexSbLsTer,https://open.spotify.com/artist/6nxWCVXbOlEVRexSbLsTer,medium_term,future bass
Dreamville,66,788415,1iNqsUDUraNWrj00bqssQG,https://open.spotify.com/artist/1iNqsUDUraNWrj00bqssQG,medium_term,
Lupe Fiasco,70,1956239,01QTIT5P1pFP3QnnFSdsJf,https://open.spotify.com/artist/01QTIT5P1pFP3QnnFSdsJf,medium_term,
Yot Club,66,651097,6FugQjLquBF4JzATRN70bR,https://open.spotify.com/artist/6FugQjLquBF4JzATRN70bR,medium_term,bedroom pop
MGMT,77,3481847,0SwO7SWeDHJijQ3XNS7xEE,https://open.spotify.com/artist/0SwO7SWeDHJijQ3XNS7xEE,medium_term,indie
Metallica,85,31007486,2ye2Wgw4gimLv2eAKyk1NB,https://open.spotify.com/artist/2ye2Wgw4gimLv2eAKyk1NB,medium_term,"hard rock, heavy metal, metal, rock, thrash metal"
Current Joys,73,1668299,0m5FakHKCQdA7UN0PIzMcL,https://open.spotify.com/artist/0m5FakHKCQdA7UN0PIzMcL,medium_term,lo-fi indie
Danny Gonzalez,42,248022,6pDkmNhHCLh7YEb3sXceOs,https://open.spotify.com/artist/6pDkmNhHCLh7YEb3sXceOs,medium_term,
Chaar Diwaari,53,108898,2n4q8jLM4WLwlva1sZ2WRx,https://open.spotify.com/artist/2n4q8jLM4WLwlva1sZ2WRx,medium_term,"desi hip hop, hindi hip hop, hindi indie, indian indie"
Daft Punk,83,10658730,4tZwfgrHOc3mvqYlEYSvVi,https://open.spotify.com/artist/4tZwfgrHOc3mvqYlEYSvVi,medium_term,"electro, electronic, french house"
Jack Harlow,80,4229768,2LIk90788K0zvyj2JJVwkJ,https://open.spotify.com/artist/2LIk90788K0zvyj2JJVwkJ,medium_term,
Vampire Weekend,67,2030439,5BvJzeQpmsdsFp4HGUYUEx,https://open.spotify.com/artist/5BvJzeQpmsdsFp4HGUYUEx,medium_term,"baroque pop, indie"
Tame Impala,82,8938798,5INjqkS1o8h1imAzPqGZBb,https://open.spotify.com/artist/5INjqkS1o8h1imAzPqGZBb,medium_term,"indie, neo-psychedelic"
Linkin Park,91,30396424,6XyY86QOPPrYVGvF9ch6wz,https://open.spotify.com/artist/6XyY86QOPPrYVGvF9ch6wz,medium_term,"alternative metal, nu metal, rap metal, rock"
Saint Motel,66,755515,1dWEYMPtNmvSVaDNLgB6NV,https://open.spotify.com/artist/1dWEYMPtNmvSVaDNLgB6NV,medium_term,
Sex Bob-Omb,49,205814,0epidpyARaIPmKpFUwcgnJ,https://open.spotify.com/artist/0epidpyARaIPmKpFUwcgnJ,medium_term,
Megadeth,71,5941608,1Yox196W7bzVNZI7RBaPnf,https://open.spotify.com/artist/1Yox196W7bzVNZI7RBaPnf,medium_term,"heavy metal, metal, speed metal, thrash metal"
Diljit Dosanjh,79,32781242,2FKWNmZWDBZR4dE5KX4plR,https://open.spotify.com/artist/2FKWNmZWDBZR4dE5KX4plR,medium_term,"bhangra, bollywood, desi, punjabi hip hop, punjabi pop"
Chase Atlantic,83,9864950,7cYEt1pqMgXJdq00hAwVpT,https://open.spotify.com/artist/7cYEt1pqMgXJdq00hAwVpT,medium_term,
Jagjit Singh,66,4399340,2ijWbN5KykTYiBoVmhzCTU,https://open.spotify.com/artist/2ijWbN5KykTYiBoVmhzCTU,medium_term,"bhajan, devotional, ghazal, qawwali, sufi"
Laufey,82,7362339,7gW0r5CkdEUMm42w9XpyZO,https://open.spotify.com/artist/7gW0r5CkdEUMm42w9XpyZO,medium_term,
Vacations,72,1395381,0U7iI0Dk4Ojvi17nZboNO4,https://open.spotify.com/artist/0U7iI0Dk4Ojvi17nZboNO4,medium_term,
AC/DC,84,31433766,711MCceyCBcFnzjGY4Q7Un,https://open.spotify.com/artist/711MCceyCBcFnzjGY4Q7Un,medium_term,"classic rock, hard rock, rock, rock and roll"
Magdalena Bay,70,462625,1oPRcJUkloHaRLYx0olBLJ,https://open.spotify.com/artist/1oPRcJUkloHaRLYx0olBLJ,medium_term,
Sub Urban,68,1837704,7gXb99Sf9nNmpNYeAgIQFG,https://open.spotify.com/artist/7gXb99Sf9nNmpNYeAgIQFG,medium_term,
Ludwig Göransson,68,399852,24eDfi2MSYo3A87hCcgpIL,https://open.spotify.com/artist/24eDfi2MSYo3A87hCcgpIL,medium_term,soundtrack
Bruno Mars,93,72703897,0du5cEVh5yTK9QJze8zA0C,https://open.spotify.com/artist/0du5cEVh5yTK9QJze8zA0C,medium_term,
Bryce Vine,65,522050,1ShZZUjkbXCjhwrb18BA8I,https://open.spotify.com/artist/1ShZZUjkbXCjhwrb18BA8I,medium_term,
Mitski,82,10547708,2uYWxilOVlUdk4oV9DvwqK,https://open.spotify.com/artist/2uYWxilOVlUdk4oV9DvwqK,medium_term,
JAY-Z,85,10093805,3nFkdlSjzX9mRTtwJOzDYB,https://open.spotify.com/artist/3nFkdlSjzX9mRTtwJOzDYB,medium_term,"east coast hip hop, hip hop, rap"
Yo Yo Honey Singh,80,30493498,7uIbLdzzSEqnX0Pkrb56cR,https://open.spotify.com/artist/7uIbLdzzSEqnX0Pkrb56cR,medium_term,"bollywood, desi, hindi hip hop, hindi pop, punjabi pop"
Manna Dey,59,2395365,4kcoiVXIxvUoLUoHY1vJYU,https://open.spotify.com/artist/4kcoiVXIxvUoLUoHY1vJYU,medium_term,"bangla pop, bhajan, ghazal"
Lemaitre,49,180911,4CTKqs11Zgsv8EZTVzx764,https://open.spotify.com/artist/4CTKqs11Zgsv8EZTVzx764,medium_term,"norwegian pop, nu disco"
Sidhu Moose Wala,80,42612790,4PULA4EFzYTrxYvOVlwpiQ,https://open.spotify.com/artist/4PULA4EFzYTrxYvOVlwpiQ,medium_term,"bhangra, desi hip hop, punjabi hip hop, punjabi pop"
5 Seconds of Summer,78,10325169,5Rl15oVamLq7FbSb0NNBNy,https://open.spotify.com/artist/5Rl15oVamLq7FbSb0NNBNy,medium_term,
Lil Nas X,75,12344055,7jVv8c5Fj3E9VhNjxT4snq,https://open.spotify.com/artist/7jVv8c5Fj3E9VhNjxT4snq,medium_term,
Vinyl Theatre,38,159356,7xSEWLsywYbocdtt3xsQsU,https://open.spotify.com/artist/7xSEWLsywYbocdtt3xsQsU,medium_term,
Earl Sweatshirt,70,2359591,3A5tHz1SfngyOZM2gItYKu,https://open.spotify.com/artist/3A5tHz1SfngyOZM2gItYKu,medium_term,"alternative hip hop, experimental hip hop"
AP Dhillon,78,7716023,6LEG9Ld1aLImEFEVHdWNSB,https://open.spotify.com/artist/6LEG9Ld1aLImEFEVHdWNSB,medium_term,"bhangra, desi, desi hip hop, punjabi hip hop, punjabi pop"
50 Cent,85,17908565,3q7HBObVc0L8jNeTe5Gofh,https://open.spotify.com/artist/3q7HBObVc0L8jNeTe5Gofh,medium_term,"east coast hip hop, old school hip hop"
Lata Mangeshkar,79,21789433,61JrslREXq98hurYL2hYoc,https://open.spotify.com/artist/61JrslREXq98hurYL2hYoc,medium_term,"bhajan, bollywood, ghazal, hindi pop, marathi pop"
Pritam,90,52521175,1wRPtKGflJrBx9BmLsSwlU,https://open.spotify.com/artist/1wRPtKGflJrBx9BmLsSwlU,medium_term,"bollywood, desi, hindi pop, sufi"
NF,79,10918179,6fOMl44jA4Sp5b9PpYCkzz,https://open.spotify.com/artist/6fOMl44jA4Sp5b9PpYCkzz,medium_term,christian hip hop
Her's,66,1122181,77mJc3M7ZT5oOVM7gNdXim,https://open.spotify.com/artist/77mJc3M7ZT5oOVM7gNdXim,medium_term,indie
Tegi Pannu,63,1110614,78sIlhMniFgXlOrNWnPtIl,https://open.spotify.com/artist/78sIlhMniFgXlOrNWnPtIl,medium_term,"bhangra, desi, punjabi hip hop, punjabi pop"
I DONT KNOW HOW BUT THEY FOUND ME,61,1097728,0Raaw7kr1Vzat4ZvHzjsJR,https://open.spotify.com/artist/0Raaw7kr1Vzat4ZvHzjsJR,medium_term,
Don Toliver,87,6850929,4Gso3d4CscCijv0lmajZWs,https://open.spotify.com/artist/4Gso3d4CscCijv0lmajZWs,medium_term,
Weathers,55,312775,4OTFxPi5CtWyj1NThDe6z5,https://open.spotify.com/artist/4OTFxPi5CtWyj1NThDe6z5,medium_term,
The Notorious B.I.G.,80,12246228,5me0Irg2ANcsgc93uaYrpb,https://open.spotify.com/artist/5me0Irg2ANcsgc93uaYrpb,medium_term,"east coast hip hop, gangster rap, hip hop, old school hip hop"
d4vd,84,4116750,5y8tKLUfMvliMe8IKamR32,https://open.spotify.com/artist/5y8tKLUfMvliMe8IKamR32,medium_term,
mikeeysmind,68,236094,0g0ZYLiNYI4kMg8MX76bkN,https://open.spotify.com/artist/0g0ZYLiNYI4kMg8MX76bkN,medium_term,
"Black Country, New Road",61,398661,3PP6ghmOlDl2jaKaH0avUN,https://open.spotify.com/artist/3PP6ghmOlDl2jaKaH0avUN,medium_term,"art rock, post-punk, post-rock"
J. Cole,86,26482683,6l3HvQ5sa6mXTsMTB19rO5,https://open.spotify.com/artist/6l3HvQ5sa6mXTsMTB19rO5,medium_term,rap
Gunna,87,9635601,2hlmm7s2ICUX0LVIhVFlZQ,https://open.spotify.com/artist/2hlmm7s2ICUX0LVIhVFlZQ,medium_term,melodic rap
Mankirt Aulakh,63,6727279,3uHUKCspaCzAab9A3LlGAr,https://open.spotify.com/artist/3uHUKCspaCzAab9A3LlGAr,medium_term,"bhangra, punjabi hip hop, punjabi pop"
Geeta Dutt,49,1378970,0QsbYX8XslSSUcztc6u4pO,https://open.spotify.com/artist/0QsbYX8XslSSUcztc6u4pO,medium_term,ghazal
David Bowie,79,11471716,0oSGxfWSnnOXhD2fKuz2Gy,https://open.spotify.com/artist/0oSGxfWSnnOXhD2fKuz2Gy,medium_term,"art rock, glam rock"
Imran Khan,63,3134384,24BYRlsS8uIO4jA71mJ4Js,https://open.spotify.com/artist/24BYRlsS8uIO4jA71mJ4Js,medium_term,"bhangra, desi, desi hip hop, punjabi hip hop, punjabi pop"
Ardhito Pramono,60,1156918,3TkSKriI4EZmTxSFyzs0fd,https://open.spotify.com/artist/3TkSKriI4EZmTxSFyzs0fd,medium_term,indonesian indie
Varinder Brar,61,1190655,4C19flKmMm12gRxmBJWMCV,https://open.spotify.com/artist/4C19flKmMm12gRxmBJWMCV,medium_term,"punjabi hip hop, punjabi pop"
Sharry Mann,59,3034023,5azWSYXVoLKYKHlR5zNJ7i,https://open.spotify.com/artist/5azWSYXVoLKYKHlR5zNJ7i,medium_term,"bhangra, punjabi pop"
Shubh,80,8181502,5r3wPya2PpeTTsXsGhQU8O,https://open.spotify.com/artist/5r3wPya2PpeTTsXsGhQU8O,medium_term,"desi, desi hip hop, hindi hip hop, punjabi hip hop, punjabi pop"
Dayglow,66,1049953,6eJa3zG1QZLRB3xgRuyxbm,https://open.spotify.com/artist/6eJa3zG1QZLRB3xgRuyxbm,medium_term,indie rock
Mehdi Hassan,47,1675205,73Qu5twIpvKmLU0rPaEJi4,https://open.spotify.com/artist/73Qu5twIpvKmLU0rPaEJi4,medium_term,"ghazal, qawwali, sufi"
¥$,75,1007849,4xPQFgDA5M2xa0ZGo5iIsv,https://open.spotify.com/artist/4xPQFgDA5M2xa0ZGo5iIsv,medium_term,
Strawberry Guy,70,1158395,1AbJ2cmwK400LSvdvBL5Jc,https://open.spotify.com/artist/1AbJ2cmwK400LSvdvBL5Jc,medium_term,bedroom pop
Tally Hall,64,967029,7lqaPghwYv2mE9baz5XQmL,https://open.spotify.com/artist/7lqaPghwYv2mE9baz5XQmL,medium_term,
Lil Wayne,90,17259936,55Aa2cqylxrFIXC767Z865,https://open.spotify.com/artist/55Aa2cqylxrFIXC767Z865,medium_term,"hip hop, rap"
WonderBag,47,17315,56IHVHdO0KMmJS0RpLq35c,https://open.spotify.com/artist/56IHVHdO0KMmJS0RpLq35c,medium_term,
Harry Styles,85,33784386,6KImCVD70vtIoJWnq6nGn3,https://open.spotify.com/artist/6KImCVD70vtIoJWnq6nGn3,medium_term,
King Geedorah,55,348853,77AKJs9SJqxHXbPgtJPKRa,https://open.spotify.com/artist/77AKJs9SJqxHXbPgtJPKRa,medium_term,"alternative hip hop, experimental hip hop, jazz rap"
Akon,85,5690704,0z4gvV4rjIZ9wHck67ucSV,https://open.spotify.com/artist/0z4gvV4rjIZ9wHck67ucSV,medium_term,
Gippeul,34,53,1HuhL7vuf6QI3RrmApPdvp,https://open.spotify.com/artist/1HuhL7vuf6QI3RrmApPdvp,medium_term,
Dr Zeus,65,1376575,1zrFFDzoE9XXyjEqqgDpMm,https://open.spotify.com/artist/1zrFFDzoE9XXyjEqqgDpMm,medium_term,"bhangra, desi, desi hip hop, punjabi hip hop, punjabi pop"
Samuel Kim,64,386616,2bdcBjvuI9worc472GbeU0,https://open.spotify.com/artist/2bdcBjvuI9worc472GbeU0,medium_term,anime
Jane Remover,60,125579,2rLGlNI6htigNxx172qxLu,https://open.spotify.com/artist/2rLGlNI6htigNxx172qxLu,medium_term,hyperpop
Hanumankind,69,811716,4nVa6XlBFlIkF6msW57PHp,https://open.spotify.com/artist/4nVa6XlBFlIkF6msW57PHp,medium_term,"desi hip hop, malayalam hip hop"
KAYTRAMINÉ,57,143189,5oifjQw72WO7Jut07fVWMy,https://open.spotify.com/artist/5oifjQw72WO7Jut07fVWMy,medium_term,
Empire Of The Sun,82,1884237,67hb7towEyKvt5Z8Bx306c,https://open.spotify.com/artist/67hb7towEyKvt5Z8Bx306c,medium_term,
Vishal-Shekhar,81,13446574,6Mv8GjQa7LKUGCAqa9qqdb,https://open.spotify.com/artist/6Mv8GjQa7LKUGCAqa9qqdb,medium_term,"bollywood, desi, hindi pop"
Kendrick Lamar,95,42141093,2YZyLoL8N0Wb9xBt1NhZWg,https://open.spotify.com/artist/2YZyLoL8N0Wb9xBt1NhZWg,short_term,"hip hop, west coast hip hop"
"Tyler, The Creator",90,22551303,4V8LLVI7PbaPR0K2TGSxFF,https://open.spotify.com/artist/4V8LLVI7PbaPR0K2TGSxFF,short_term,
JPEGMAFIA,69,996434,6yJ6QQ3Y5l0s0tn7b0arrO,https://open.spotify.com/artist/6yJ6QQ3Y5l0s0tn7b0arrO,short_term,"alternative hip hop, experimental, experimental hip hop"
Twenty One Pilots,86,25482655,3YQKmKGau1PzlVlkL1iodx,https://open.spotify.com/artist/3YQKmKGau1PzlVlkL1iodx,short_term,
Nirvana,84,22432353,6olE6TJLqED3rqDCT0FyPh,https://open.spotify.com/artist/6olE6TJLqED3rqDCT0FyPh,short_term,"grunge, rock"
Travis Scott,93,39262517,0Y5tJX1MQlPlqiwlOH1tJY,https://open.spotify.com/artist/0Y5tJX1MQlPlqiwlOH1tJY,short_term,rap
Kanye West,93,30260015,5K4W6rqBFWDnAN6FQUkS6x,https://open.spotify.com/artist/5K4W6rqBFWDnAN6FQUkS6x,short_term,rap
The Strokes,78,6310608,0epOFNiUfyON9EYx7Tpr6V,https://open.spotify.com/artist/0epOFNiUfyON9EYx7Tpr6V,short_term,"alternative rock, garage rock, indie rock"
Joey Valence & Brae,68,641843,1q4618qKswelCGLoanFKQh,https://open.spotify.com/artist/1q4618qKswelCGLoanFKQh,short_term,
half•alive,61,732225,7sOR7gk6XUlGnxj3p9F54k,https://open.spotify.com/artist/7sOR7gk6XUlGnxj3p9F54k,short_term,
Lil Tecca,86,9660236,4Ga1P7PMIsmqEZqhYZQgDo,https://open.spotify.com/artist/4Ga1P7PMIsmqEZqhYZQgDo,short_term,"melodic rap, rap"
Childish Gambino,81,14228094,73sIBHcqh3Z3NyqHKZ7FOL,https://open.spotify.com/artist/73sIBHcqh3Z3NyqHKZ7FOL,short_term,
Psychedelic Porn Crumpets,54,339994,7GRrLcUxwtQLvOpO7OHO80,https://open.spotify.com/artist/7GRrLcUxwtQLvOpO7OHO80,short_term,"acid rock, neo-psychedelic, psychedelic rock, stoner rock"
SZA,93,30693249,7tYKF4w9nC0nq9CsPZTHyP,https://open.spotify.com/artist/7tYKF4w9nC0nq9CsPZTHyP,short_term,r&b
Joji,80,10267198,3MZsBdqDrRTJihTHQrO6Dq,https://open.spotify.com/artist/3MZsBdqDrRTJihTHQrO6Dq,short_term,
Baby Keem,77,2988599,5SXuuuRpukkTvsLuUknva1,https://open.spotify.com/artist/5SXuuuRpukkTvsLuUknva1,short_term,
TV Girl,83,11207049,0Y6dVaC9DZtPNH4591M42W,https://open.spotify.com/artist/0Y6dVaC9DZtPNH4591M42W,short_term,
JID,76,2086422,6U3ybJ9UHNKEdsH7ktGBZ7,https://open.spotify.com/artist/6U3ybJ9UHNKEdsH7ktGBZ7,short_term,
Quadeca,56,310536,3zz52ViyCBcplK0ftEVPSS,https://open.spotify.com/artist/3zz52ViyCBcplK0ftEVPSS,short_term,
Car Seat Headrest,64,870178,5PbpKlxQE0Ktl5lcNABoFf,https://open.spotify.com/artist/5PbpKlxQE0Ktl5lcNABoFf,short_term,"indie rock, midwest emo"
Pierce The Veil,78,3585991,4iJLPqClelZOBCBifm8Fzv,https://open.spotify.com/artist/4iJLPqClelZOBCBifm8Fzv,short_term,"emo, post-hardcore, screamo"
Metro Boomin,88,11125638,0iEtIxbK0KxaSlF7G42ZOp,https://open.spotify.com/artist/0iEtIxbK0KxaSlF7G42ZOp,short_term,
Future,92,21719028,1RyvyyTE3xzB2ZywiAwp0i,https://open.spotify.com/artist/1RyvyyTE3xzB2ZywiAwp0i,short_term,rap
Still Woozy,66,1078490,4iMO20EPodreIaEl8qW66y,https://open.spotify.com/artist/4iMO20EPodreIaEl8qW66y,short_term,bedroom pop
Arctic Monkeys,88,30643993,7Ln80lUS6He07XvHI8qqHH,https://open.spotify.com/artist/7Ln80lUS6He07XvHI8qqHH,short_term,"garage rock, indie"
Cage The Elephant,76,4175193,26T3LtbuGT1Fu9m0eRq5X3,https://open.spotify.com/artist/26T3LtbuGT1Fu9m0eRq5X3,short_term,
MF DOOM,76,3857841,2pAWfrd7WFF3XhVt9GooDL,https://open.spotify.com/artist/2pAWfrd7WFF3XhVt9GooDL,short_term,"alternative hip hop, east coast hip hop, experimental hip hop, jazz rap"
The Weeknd,97,106813510,1Xyo4u8uXC1ZmMpatF05PJ,https://open.spotify.com/artist/1Xyo4u8uXC1ZmMpatF05PJ,short_term,
Madvillain,64,772788,2aoFQUeHD1U7pL098lRsDU,https://open.spotify.com/artist/2aoFQUeHD1U7pL098lRsDU,short_term,"alternative hip hop, experimental hip hop"
Mac Miller,84,11879243,4LLpKhyESsyAXpc4laK94U,https://open.spotify.com/artist/4LLpKhyESsyAXpc4laK94U,short_term,
The Neighbourhood,85,20647881,77SW9BnxLY8rJ0RciFqkHh,https://open.spotify.com/artist/77SW9BnxLY8rJ0RciFqkHh,short_term,
Denzel Curry,73,2809705,6fxyWrfmjcbj5d12gXeiNV,https://open.spotify.com/artist/6fxyWrfmjcbj5d12gXeiNV,short_term,
21 Savage,88,22862216,1URnnhqYAYcrqrcwql10ft,https://open.spotify.com/artist/1URnnhqYAYcrqrcwql10ft,short_term,
Foster The People,74,4001021,7gP3bB2nilZXLfPHJhMdvc,https://open.spotify.com/artist/7gP3bB2nilZXLfPHJhMdvc,short_term,
Pusha T,73,3005773,0ONHkAv9pCAFxb0zJwDNTy,https://open.spotify.com/artist/0ONHkAv9pCAFxb0zJwDNTy,short_term,
Frank Ocean,88,19173221,2h93pZq0e7k5yf4dywlkpM,https://open.spotify.com/artist/2h93pZq0e7k5yf4dywlkpM,short_term,
Slipknot,81,13396898,05fG473iIaoy82BF1aGhL8,https://open.spotify.com/artist/05fG473iIaoy82BF1aGhL8,short_term,"alternative metal, heavy metal, metal, nu metal, rap metal"
Wallows,73,2964376,0NIPkIjTV8mB795yEIiPYL,https://open.spotify.com/artist/0NIPkIjTV8mB795yEIiPYL,short_term,indie
XXXTENTACION,87,50523924,15UsOTVnJzReFVN1VCnxy4,https://open.spotify.com/artist/15UsOTVnJzReFVN1VCnxy4,short_term,emo rap
Crywank,48,228364,7gzXeFUDWz0aqhikdkOJxQ,https://open.spotify.com/artist/7gzXeFUDWz0aqhikdkOJxQ,short_term,"anti-folk, folk punk, midwest emo"
Clairo,82,6176803,3l0CmX0FuQjFxr8SK7Vqag,https://open.spotify.com/artist/3l0CmX0FuQjFxr8SK7Vqag,short_term,bedroom pop
Liana Flores,67,622383,5zVu34ozw0BzXIcNHqkO0u,https://open.spotify.com/artist/5zVu34ozw0BzXIcNHqkO0u,short_term,
Seedhe Maut,71,996837,2oBG74gAocPMFv6Ij9ykdo,https://open.spotify.com/artist/2oBG74gAocPMFv6Ij9ykdo,short_term,"desi, desi hip hop, hardcore hip hop, hindi hip hop"
Jack Stauber's Micropop,67,2217454,1yNIb413Bmfs2ZBVuPp9kC,https://open.spotify.com/artist/1yNIb413Bmfs2ZBVuPp9kC,short_term,
Drake,98,99472069,3TVXtAsR1Inumwj472S9r4,https://open.spotify.com/artist/3TVXtAsR1Inumwj472S9r4,short_term,rap
Queen,86,54174842,1dfeR4HaWDbWqFHLkxsg1d,https://open.spotify.com/artist/1dfeR4HaWDbWqFHLkxsg1d,short_term,"classic rock, glam rock, rock"
Lil Uzi Vert,85,18910807,4O15NlyKLIASxsJ0PrXPfz,https://open.spotify.com/artist/4O15NlyKLIASxsJ0PrXPfz,short_term,melodic rap
Mild High Club,59,600431,5J81VungUjSVHxlPpTI9KG,https://open.spotify.com/artist/5J81VungUjSVHxlPpTI9KG,short_term,neo-psychedelic
Playboi Carti,91,14396844,699OTQXzgjhIYAHMy9RyPD,https://open.spotify.com/artist/699OTQXzgjhIYAHMy9RyPD,short_term,rage rap
Michael Jackson,86,35992683,3fMbdgg4jU18AjLCKBhRSm,https://open.spotify.com/artist/3fMbdgg4jU18AjLCKBhRSm,short_term,
System Of A Down,84,13137562,5eAWCfyUhZtHHtBdNk56l1,https://open.spotify.com/artist/5eAWCfyUhZtHHtBdNk56l1,short_term,"alternative metal, metal, nu metal, rap metal, rock"
A$AP Rocky,86,16768671,13ubrt8QOOCPljQ2FL1Kca,https://open.spotify.com/artist/13ubrt8QOOCPljQ2FL1Kca,short_term,rap
The Beatles,86,30089674,3WrFJ7ztbogyGnTHbHJFl2,https://open.spotify.com/artist/3WrFJ7ztbogyGnTHbHJFl2,short_term,"classic rock, psychedelic rock"
Deftones,83,7047309,6Ghvu1VvMGScGpOUJBAHNH,https://open.spotify.com/artist/6Ghvu1VvMGScGpOUJBAHNH,short_term,"alternative metal, nu metal, rap metal, shoegaze"
Skepta,76,1524917,2p1fiYHYiXz9qi0JJyxBzN,https://open.spotify.com/artist/2p1fiYHYiXz9qi0JJyxBzN,short_term,"grime, uk grime"
Black Sabbath,76,8942069,5M52tdBnJaKSvOpJGz8mfZ,https://open.spotify.com/artist/5M52tdBnJaKSvOpJGz8mfZ,short_term,"classic rock, doom metal, hard rock, heavy metal, metal, rock, stoner rock"
Death Grips,59,949950,5RADpgYLOuS2ZxDq7ggYYH,https://open.spotify.com/artist/5RADpgYLOuS2ZxDq7ggYYH,short_term,"experimental, experimental hip hop"
Joey Bada$$,73,3763364,2P5sC9cVZDToPxyomzF1UH,https://open.spotify.com/artist/2P5sC9cVZDToPxyomzF1UH,short_term,"hip hop, rap"
Radiohead,87,12491823,4Z8W4fKeB5YxbusRsdQVPb,https://open.spotify.com/artist/4Z8W4fKeB5YxbusRsdQVPb,short_term,"alternative rock, art rock"
JAY-Z,85,10093805,3nFkdlSjzX9mRTtwJOzDYB,https://open.spotify.com/artist/3nFkdlSjzX9mRTtwJOzDYB,short_term,"east coast hip hop, hip hop, rap"
Flume,73,2499861,6nxWCVXbOlEVRexSbLsTer,https://open.spotify.com/artist/6nxWCVXbOlEVRexSbLsTer,short_term,future bass
Eminem,92,101578469,7dGJo4pcD2V6oG8kP0tJRR,https://open.spotify.com/artist/7dGJo4pcD2V6oG8kP0tJRR,short_term,"hip hop, rap"
Vince Staples,69,2009249,68kEuyFKyqrdQQLLsmiatm,https://open.spotify.com/artist/68kEuyFKyqrdQQLLsmiatm,short_term,
Kishore Kumar,78,16514030,0GF4shudTAFv8ak9eWdd4Y,https://open.spotify.com/artist/0GF4shudTAFv8ak9eWdd4Y,short_term,"bangla pop, bollywood, ghazal, hindi pop"
Dreamville,66,788415,1iNqsUDUraNWrj00bqssQG,https://open.spotify.com/artist/1iNqsUDUraNWrj00bqssQG,short_term,
Nujabes,68,1408562,3Rq3YOF9YG9YfCWD4D56RZ,https://open.spotify.com/artist/3Rq3YOF9YG9YfCWD4D56RZ,short_term,jazz rap
Eyedress,74,2606633,3XxNRirzbjfLdDli06zMaB,https://open.spotify.com/artist/3XxNRirzbjfLdDli06zMaB,short_term,
AJR,73,3596001,6s22t5Y3prQHyaHWUN1R1C,https://open.spotify.com/artist/6s22t5Y3prQHyaHWUN1R1C,short_term,
Nas,74,4185935,20qISvAhX20dpIbOOzGK3q,https://open.spotify.com/artist/20qISvAhX20dpIbOOzGK3q,short_term,"east coast hip hop, hip hop, old school hip hop"
KIDS SEE GHOSTS,59,1002528,2hPgGN4uhvXAxiXQBIXOmE,https://open.spotify.com/artist/2hPgGN4uhvXAxiXQBIXOmE,short_term,
Aminé,71,2006273,3Gm5F95VdRxW3mqCn8RPBJ,https://open.spotify.com/artist/3Gm5F95VdRxW3mqCn8RPBJ,short_term,
Teethe,41,30994,3K2gErmF9xLdo6dqOj1VbI,https://open.spotify.com/artist/3K2gErmF9xLdo6dqOj1VbI,short_term,"shoegaze, slowcore"
Asha Bhosle,73,9535550,5as8A4G47Ohu9NSWs3Je8U,https://open.spotify.com/artist/5as8A4G47Ohu9NSWs3Je8U,short_term,"bangla pop, bollywood, ghazal, hindi pop, marathi pop"
Chase Atlantic,83,9864950,7cYEt1pqMgXJdq00hAwVpT,https://open.spotify.com/artist/7cYEt1pqMgXJdq00hAwVpT,short_term,
Lupe Fiasco,70,1956239,01QTIT5P1pFP3QnnFSdsJf,https://open.spotify.com/artist/01QTIT5P1pFP3QnnFSdsJf,short_term,
MGMT,77,3481847,0SwO7SWeDHJijQ3XNS7xEE,https://open.spotify.com/artist/0SwO7SWeDHJijQ3XNS7xEE,short_term,indie
Cavetown,70,4402799,2hR4h1Cao2ueuI7Cx9c7V8,https://open.spotify.com/artist/2hR4h1Cao2ueuI7Cx9c7V8,short_term,bedroom pop
Korn,79,9141116,3RNrq3jvMZxD9ZyoOZbQOD,https://open.spotify.com/artist/3RNrq3jvMZxD9ZyoOZbQOD,short_term,"alternative metal, metal, nu metal, rap metal"
Mac DeMarco,82,7557604,3Sz7ZnJQBIHsXLUSo0OQtM,https://open.spotify.com/artist/3Sz7ZnJQBIHsXLUSo0OQtM,short_term,"indie, lo-fi indie"
Daft Punk,83,10658730,4tZwfgrHOc3mvqYlEYSvVi,https://open.spotify.com/artist/4tZwfgrHOc3mvqYlEYSvVi,short_term,"electro, electronic, french house"
Steve Lacy,81,6054478,57vWImR43h4CaDao012Ofp,https://open.spotify.com/artist/57vWImR43h4CaDao012Ofp,short_term,
Linkin Park,91,30396424,6XyY86QOPPrYVGvF9ch6wz,https://open.spotify.com/artist/6XyY86QOPPrYVGvF9ch6wz,short_term,"alternative metal, nu metal, rap metal, rock"
Vacations,72,1395381,0U7iI0Dk4Ojvi17nZboNO4,https://open.spotify.com/artist/0U7iI0Dk4Ojvi17nZboNO4,short_term,
Sex Bob-Omb,49,205814,0epidpyARaIPmKpFUwcgnJ,https://open.spotify.com/artist/0epidpyARaIPmKpFUwcgnJ,short_term,
Mitski,82,10547708,2uYWxilOVlUdk4oV9DvwqK,https://open.spotify.com/artist/2uYWxilOVlUdk4oV9DvwqK,short_term,
50 Cent,85,17908565,3q7HBObVc0L8jNeTe5Gofh,https://open.spotify.com/artist/3q7HBObVc0L8jNeTe5Gofh,short_term,"east coast hip hop, old school hip hop"
Weathers,55,312775,4OTFxPi5CtWyj1NThDe6z5,https://open.spotify.com/artist/4OTFxPi5CtWyj1NThDe6z5,short_term,
Jordana,64,208132,5Bw9kFNhy019e4IBCJZlzw,https://open.spotify.com/artist/5Bw9kFNhy019e4IBCJZlzw,short_term,
Yot Club,66,651097,6FugQjLquBF4JzATRN70bR,https://open.spotify.com/artist/6FugQjLquBF4JzATRN70bR,short_term,bedroom pop
Danny Gonzalez,42,248022,6pDkmNhHCLh7YEb3sXceOs,https://open.spotify.com/artist/6pDkmNhHCLh7YEb3sXceOs,short_term,
AC/DC,84,31433766,711MCceyCBcFnzjGY4Q7Un,https://open.spotify.com/artist/711MCceyCBcFnzjGY4Q7Un,short_term,"classic rock, hard rock, rock, rock and roll"
Sub Urban,68,1837704,7gXb99Sf9nNmpNYeAgIQFG,https://open.spotify.com/artist/7gXb99Sf9nNmpNYeAgIQFG,short_term,
Vinyl Theatre,38,159356,7xSEWLsywYbocdtt3xsQsU,https://open.spotify.com/artist/7xSEWLsywYbocdtt3xsQsU,short_term,
Mohammed Rafi,72,9623019,0gXDpqwYNDODn7fB0RDN8J,https://open.spotify.com/artist/0gXDpqwYNDODn7fB0RDN8J,short_term,"ghazal, hindi pop"
Gorillaz,83,13492228,3AA28KZvwAUcZuOKwyblJQ,https://open.spotify.com/artist/3AA28KZvwAUcZuOKwyblJQ,short_term,
Dominic Fike,79,2128141,6USv9qhCn6zfxlBQIYJ9qs,https://open.spotify.com/artist/6USv9qhCn6zfxlBQIYJ9qs,short_term,
Gunna,87,9635601,2hlmm7s2ICUX0LVIhVFlZQ,https://open.spotify.com/artist/2hlmm7s2ICUX0LVIhVFlZQ,short_term,melodic rap
¥$,75,1007849,4xPQFgDA5M2xa0ZGo5iIsv,https://open.spotify.com/artist/4xPQFgDA5M2xa0ZGo5iIsv,short_term,
WonderBag,47,17315,56IHVHdO0KMmJS0RpLq35c,https://open.spotify.com/artist/56IHVHdO0KMmJS0RpLq35c,short_term,
Chaar Diwaari,53,108898,2n4q8jLM4WLwlva1sZ2WRx,https://open.spotify.com/artist/2n4q8jLM4WLwlva1sZ2WRx,short_term,"desi hip hop, hindi hip hop, hindi indie, indian indie"
Empire Of The Sun,82,1884237,67hb7towEyKvt5Z8Bx306c,https://open.spotify.com/artist/67hb7towEyKvt5Z8Bx306c,short_term,
